network,N,realization,edges,algorithm,algorithm_type,success,runtime,num_detected,num_true,ami,nmi,ari,modularity,coverage,conductance,num_communities,num_true_communities,error
N500_r0,500,0,3835,louvain,classical,True,0.019125938415527344,20.0,22.0,0.981409967420063,0.9842425106571042,0.9520234439519435,0.6333727470681927,0.7035202086049543,0.2971241733083415,20.0,22.0,
N500_r0,500,0,3835,leiden,classical,True,0.20479679107666016,20.0,22.0,0.981409967420063,0.9842425106571042,0.9520234439519435,0.6333727470681927,0.7035202086049543,0.2971241733083415,20.0,22.0,
N500_r0,500,0,3835,walktrap,classical,True,0.010847091674804688,22.0,22.0,1.0,1.0,1.0,0.6332804454953262,0.7001303780964798,0.2997086933831937,22.0,22.0,
N500_r0,500,0,3835,fastgreedy,classical,True,0.008331060409545898,12.0,22.0,0.7917943650226751,0.8120784886459704,0.5629372336745756,0.5847541259483009,0.6951760104302477,0.31172935411523683,12.0,22.0,
N500_r0,500,0,3835,label_propagation,classical,True,0.013017892837524414,17.0,22.0,0.8869345463676601,0.9018732074727541,0.5946728220514406,0.5800763570286033,0.7259452411994785,0.31336001370866085,17.0,22.0,
N500_r0,500,0,3835,spectral,classical,True,0.1803429126739502,15.0,22.0,0.7835681344877653,0.8110883314656787,0.2991944745202604,0.45884859312344783,0.7861799217731421,0.29001682871546336,15.0,22.0,
N500_r0,500,0,3835,spinglass,classical,True,1.2810182571411133,22.0,22.0,0.986546394904439,0.9887027623355066,0.9743904564109934,0.6304953177774869,0.6980443285528032,0.3335742271920179,22.0,22.0,
N500_r0,500,0,3835,leading_eigen,classical,True,0.01129293441772461,18.0,22.0,0.5357258989209647,0.5951236213169535,0.3401542416615788,0.3802581044350651,0.5048239895697523,0.6342074730617365,18.0,22.0,
N500_r0,500,0,3835,sbm,classical,False,1.3380260467529297,,,,,,,,,,,'numpy.int64' object is not iterable
N500_r0,500,0,3835,em,classical,False,0.0,,,,,,,,,,,Algorithm 'em' not found
N500_r0,500,0,3835,cpm,classical,True,0.017658710479736328,158.0,22.0,0.00874308222402856,0.42754209861354797,0.0014889514464166563,-0.0007392965022293459,0.011734028683181226,0.9957093306776753,158.0,22.0,
N500_r0,500,0,3835,rb_pots,classical,True,0.01482391357421875,20.0,22.0,0.0004634137304737874,0.15276172657305356,-0.000494492736381548,-0.0026396549994985425,0.053194263363754886,0.9517262650436388,20.0,22.0,
N500_r0,500,0,3835,rber_pots,classical,True,0.01348423957824707,22.0,22.0,-0.0014669825030856612,0.16314764995320566,-0.0009303001600596002,-0.0015191173045900888,0.04876140808344198,0.9564055966488141,22.0,22.0,
N500_r0,500,0,3835,scan,classical,True,0.022907733917236328,22.0,22.0,0.6995417978335684,0.8189477354773858,0.5693558788909925,0.41286877708065256,0.45554106910039116,0.4187529419745007,22.0,22.0,
N500_r0,500,0,3835,agdl,classical,True,0.003941059112548828,1.0,22.0,0.0,0.0,0.0,1.1102230246251565e-16,1.0,1.0,1.0,22.0,
N500_r0,500,0,3835,async_fluid,classical,True,0.014653921127319336,7.0,22.0,0.7683544150130778,0.7814898615321985,0.48140048182053496,0.5769957622869032,0.7264667535853977,0.27451348596338904,7.0,22.0,
N500_r0,500,0,3835,gdmp2,classical,False,0.0,,,,,,,,,,,Algorithm 'gdmp2' not found
N500_r0,500,0,3835,der,classical,True,0.025055646896362305,2.0,22.0,0.36588570199582127,0.3732694656963248,0.10152264721688675,0.3362719683692879,0.8406779661016949,0.1758273381294964,2.0,22.0,
N500_r0,500,0,3835,score,classical,True,0.02324199676513672,2.0,22.0,0.1230733111344432,0.13377059822119408,0.03623743118886395,0.16952521634774753,0.7734028683181225,0.4163871586008625,2.0,22.0,
N500_r0,500,0,3835,svt,classical,True,0.4820570945739746,47.0,22.0,0.8481312570783889,0.889337916231505,0.6414590790374949,0.2667112252651333,0.28996088657105606,0.7457109760589058,47.0,22.0,
N500_r0,500,0,3835,teamcs,classical,True,0.6334638595581055,22.0,22.0,1.0,1.0,1.0,0.6332804454953262,0.7001303780964798,0.2997086933831938,22.0,22.0,
N500_r0,500,0,3835,simnet,classical,True,0.023358821868896484,28.0,22.0,0.9613669782944718,0.9687548443317037,0.946774346953857,0.5982562991998831,0.6625814863102999,0.41093566693707057,28.0,22.0,
N500_r0,500,0,3835,tusk,classical,True,0.04837203025817871,21.0,22.0,0.9768974308931764,0.9805686155138759,0.8729549024243476,0.6170248296330545,0.7097783572359844,0.2976450031141236,21.0,22.0,
N500_r0,500,0,3835,bigs2,classical,True,0.0009291172027587891,1.0,22.0,0.0,0.0,0.0,1.1102230246251565e-16,1.0,1.0,1.0,22.0,
N500_r0,500,0,3835,csbio_iitm2,classical,True,3.6895289421081543,22.0,22.0,1.0,1.0,1.0,0.6332804454953262,0.7001303780964798,0.2997086933831938,22.0,22.0,
N500_r0,500,0,3835,dmon,gnn,True,1.1553428173065186,19.0,22.0,0.015168841478191912,0.1408610999644014,0.00042192818156177914,0.0019746417152114028,0.09674054758800521,0.947195967363823,19.0,22.0,
N500_r0,500,0,3835,mincut,gnn,True,0.988569974899292,8.0,22.0,0.004505124047211273,0.06537145457237889,0.0034703784704167577,0.0017598833226526967,0.44198174706649285,0.8983212002714854,8.0,22.0,
N500_r1,500,1,3942,louvain,classical,True,0.01870417594909668,21.0,21.0,1.0000000000000002,1.0000000000000002,1.0,0.6328660233456144,0.6996448503297819,0.3000338306507456,21.0,21.0,
N500_r1,500,1,3942,leiden,classical,True,0.012866020202636719,21.0,21.0,1.0,1.0,1.0,0.6328660233456144,0.6996448503297819,0.3000338306507456,21.0,21.0,
N500_r1,500,1,3942,walktrap,classical,True,0.011510133743286133,21.0,21.0,1.0000000000000002,1.0000000000000002,1.0,0.6328660233456144,0.6996448503297819,0.3000338306507456,21.0,21.0,
N500_r1,500,1,3942,fastgreedy,classical,True,0.004721164703369141,9.0,21.0,0.7516886026933146,0.7692696171459396,0.5128668833392185,0.565526330421245,0.6983764586504313,0.3084642254016583,9.0,21.0,
N500_r1,500,1,3942,label_propagation,classical,True,0.006307125091552734,19.0,21.0,0.9527772959143005,0.9594285024702538,0.7642318692659301,0.5967410249222554,0.7199391171993912,0.29628064132726945,19.0,21.0,
N500_r1,500,1,3942,spectral,classical,True,0.03068995475769043,15.0,21.0,0.8731099399100879,0.8876713156401499,0.5812379826524166,0.5809008013455377,0.7354134956874683,0.2886494822748886,15.0,21.0,
N500_r1,500,1,3942,spinglass,classical,True,1.4465348720550537,20.0,21.0,0.9829020654584084,0.9853876578046613,0.9636852444321015,0.6295765708300546,0.6983764586504313,0.30216204391898255,20.0,21.0,
N500_r1,500,1,3942,leading_eigen,classical,True,0.01016998291015625,11.0,21.0,0.31629258598586474,0.36185152227389356,0.1914452747394175,0.33386405003448016,0.5213089802130898,0.7134557373970325,11.0,21.0,
N500_r1,500,1,3942,sbm,classical,False,0.9800558090209961,,,,,,,,,,,'numpy.int64' object is not iterable
N500_r1,500,1,3942,em,classical,False,0.0,,,,,,,,,,,Algorithm 'em' not found
N500_r1,500,1,3942,cpm,classical,True,0.018252849578857422,159.0,21.0,0.016281013246369127,0.423246223301211,0.00491547722904265,-0.00566184690699053,0.008117706747843734,0.9972520647443129,159.0,21.0,
N500_r1,500,1,3942,rb_pots,classical,True,0.015016794204711914,21.0,21.0,0.0051010273646404985,0.15581776965343477,0.0042134851139617865,-0.0020237958258780752,0.051496702181633686,0.9573863520080443,21.0,21.0,
N500_r1,500,1,3942,rber_pots,classical,True,0.014456033706665039,21.0,21.0,0.0051010273646404985,0.15581776965343477,0.0042134851139617865,-0.0020237958258780752,0.051496702181633686,0.9573863520080443,21.0,21.0,
N500_r1,500,1,3942,scan,classical,True,0.023174762725830078,22.0,21.0,0.6323361912713733,0.788528270078133,0.5013108561427984,0.36768119982259245,0.40918315575849823,0.4851479395418103,22.0,21.0,
N500_r1,500,1,3942,agdl,classical,True,0.004189729690551758,1.0,21.0,0.0,0.0,0.0,0.0,1.0,1.0,1.0,21.0,
N500_r1,500,1,3942,async_fluid,classical,True,0.012473106384277344,7.0,21.0,0.7654554782346158,0.7782441214645336,0.4804922901314495,0.5700005161086387,0.7270421106037545,0.27981944065689524,7.0,21.0,
N500_r1,500,1,3942,gdmp2,classical,False,0.0,,,,,,,,,,,Algorithm 'gdmp2' not found
N500_r1,500,1,3942,der,classical,True,0.02799224853515625,2.0,21.0,0.37075803559042925,0.377827208697913,0.10530205643386159,0.34189555634323254,0.8439878234398782,0.16680227827502034,2.0,21.0,
N500_r1,500,1,3942,score,classical,True,0.021951913833618164,2.0,21.0,0.10919839295248661,0.11921994893722986,0.039321696281175156,0.1838955249391159,0.6882293252156266,0.3437762237762238,2.0,21.0,
N500_r1,500,1,3942,svt,classical,True,0.6212930679321289,49.0,21.0,0.8376530503741113,0.8806988380883054,0.6197650484166918,0.20219131876954552,0.22602739726027396,0.7892211555605673,49.0,21.0,
N500_r1,500,1,3942,teamcs,classical,True,0.030096769332885742,21.0,21.0,1.0,1.0,1.0,0.6328660233456144,0.6996448503297819,0.3000338306507456,21.0,21.0,
N500_r1,500,1,3942,simnet,classical,True,0.026177167892456055,28.0,21.0,0.9509801896797825,0.9598825692382468,0.9297889903628673,0.5912464950302985,0.6539827498731609,0.4379272510726398,28.0,21.0,
N500_r1,500,1,3942,tusk,classical,True,0.04870295524597168,20.0,21.0,0.9777311742492645,0.9809839827117001,0.8848886595517231,0.6181683497471325,0.7080162354134957,0.29788280203445827,20.0,21.0,
N500_r1,500,1,3942,bigs2,classical,True,0.0011861324310302734,1.0,21.0,0.0,0.0,0.0,0.0,1.0,1.0,1.0,21.0,
N500_r1,500,1,3942,csbio_iitm2,classical,True,3.9277050495147705,21.0,21.0,1.0,1.0,1.0,0.6328660233456144,0.6996448503297819,0.30003383065074557,21.0,21.0,
N500_r1,500,1,3942,dmon,gnn,True,0.8669576644897461,15.0,21.0,-0.009428546353032264,0.0967912435446705,-0.002333732315034846,-0.0066093116809671296,0.12836123795027904,0.936590628600238,15.0,21.0,
N500_r1,500,1,3942,mincut,gnn,True,0.782926082611084,6.0,21.0,0.0032631091943286367,0.04346220367074124,0.002286078869127218,-0.006038664130655517,0.5167427701674278,0.8951732651673092,6.0,21.0,
N1000_r0,1000,0,7561,louvain,classical,True,0.03745317459106445,20.0,21.0,0.9859286311000603,0.9869491278234559,0.9353730446412254,0.628571662465564,0.6934267953974342,0.3032692043521798,20.0,21.0,
N1000_r0,1000,0,7561,leiden,classical,True,0.02675008773803711,21.0,21.0,1.0,1.0,1.0,0.6322937327913983,0.690913900277741,0.3042158467977575,21.0,21.0,
N1000_r0,1000,0,7561,walktrap,classical,True,0.04002213478088379,21.0,21.0,0.9999999999999999,0.9999999999999999,1.0,0.6322937327913983,0.690913900277741,0.3042158467977575,21.0,21.0,
N1000_r0,1000,0,7561,fastgreedy,classical,True,0.011306047439575195,10.0,21.0,0.7713764200241296,0.7798244476738346,0.5067687072612463,0.5748338938700412,0.6993783891019706,0.30959811910351576,10.0,21.0,
N1000_r0,1000,0,7561,label_propagation,classical,True,0.010597944259643555,18.0,21.0,0.95835945295963,0.9611156783585418,0.831732973399846,0.6162614692744307,0.7024203147731781,0.29851307115662734,18.0,21.0,
N1000_r0,1000,0,7561,spectral,classical,True,0.07130789756774902,22.0,21.0,0.9939145280373138,0.9943948886671086,0.99142855049392,0.6260499863203166,0.6843010183838116,0.3259307145197436,22.0,21.0,
N1000_r0,1000,0,7561,spinglass,classical,True,3.470473051071167,21.0,21.0,0.979223591991455,0.980743632850083,0.9479034772945663,0.6280683715138563,0.6899880968125909,0.33880157020053236,21.0,21.0,
N1000_r0,1000,0,7561,leading_eigen,classical,True,0.022966861724853516,13.0,21.0,0.3654180970388613,0.3957768498087232,0.13221192909414328,0.2726326954209803,0.4675307499008068,0.6451334780024254,13.0,21.0,
N1000_r0,1000,0,7561,sbm,classical,False,1.6031341552734375,,,,,,,,,,,'numpy.int64' object is not iterable
N1000_r0,1000,0,7561,em,classical,False,0.0,,,,,,,,,,,Algorithm 'em' not found
N1000_r0,1000,0,7561,cpm,classical,True,0.03933882713317871,473.0,21.0,0.0273781157796434,0.47670346712758654,0.006368099372505589,-0.001233926503270906,0.002909668033328925,0.9991716808472522,473.0,21.0,
N1000_r0,1000,0,7561,rb_pots,classical,True,0.030770063400268555,21.0,21.0,0.000644634400480517,0.07609606488158138,0.0014858703388433145,0.0009729271361519506,0.05171273641052771,0.9512598310511778,21.0,21.0,
N1000_r0,1000,0,7561,rber_pots,classical,True,0.029302120208740234,20.0,21.0,0.0003854943955440265,0.07309858779337464,0.0009683111360115496,0.0007423989772309199,0.058061103028699906,0.9488805700583228,20.0,21.0,
N1000_r0,1000,0,7561,scan,classical,True,0.044476985931396484,14.0,21.0,0.18582775762159198,0.6390539512275895,0.10421566472626673,0.13149388106828558,0.1534188599391615,0.7042473541779622,14.0,21.0,
N1000_r0,1000,0,7561,agdl,classical,True,0.010658025741577148,1.0,21.0,0.0,0.0,0.0,0.0,1.0,1.0,1.0,21.0,
N1000_r0,1000,0,7561,async_fluid,classical,True,0.03577423095703125,10.0,21.0,0.8349039732973161,0.8409409140781319,0.5799268923020942,0.5924497593710378,0.7066525591852929,0.2955616132729075,10.0,21.0,
N1000_r0,1000,0,7561,gdmp2,classical,False,0.0,,,,,,,,,,,Algorithm 'gdmp2' not found
N1000_r0,1000,0,7561,der,classical,True,0.09593701362609863,2.0,21.0,0.3632740868975855,0.3667440321099669,0.0961984511718691,0.3340090116761576,0.842877926200238,0.18126335062557217,2.0,21.0,
N1000_r0,1000,0,7561,score,classical,True,0.03570199012756348,2.0,21.0,0.09332830935854561,0.09832409772207842,0.029763506908515213,0.15928191746672102,0.6964687210686417,0.41734860883797054,2.0,21.0,
N1000_r0,1000,0,7561,svt,classical,True,2.0433661937713623,50.0,21.0,0.8232572249452965,0.8502664981333633,0.631138803024375,0.2064574612400372,0.22880571352995635,0.8088023663450037,50.0,21.0,
N1000_r0,1000,0,7561,teamcs,classical,True,0.049735069274902344,21.0,21.0,1.0000000000000002,1.0000000000000002,1.0,0.6322937327913983,0.690913900277741,0.3042158467977575,21.0,21.0,
N1000_r0,1000,0,7561,simnet,classical,True,3.9911749362945557,44.0,21.0,0.8834694895774058,0.9015399436080104,0.7652366899509676,0.39403825389061964,0.4238857294008729,0.681630742406245,44.0,21.0,
N1000_r0,1000,0,7561,tusk,classical,True,0.24001312255859375,19.0,21.0,0.9773633133353287,0.9789225085140321,0.9181405286793726,0.6278993630100628,0.6930300224837984,0.3032441338482088,19.0,21.0,
N1000_r0,1000,0,7561,bigs2,classical,True,0.001399993896484375,1.0,21.0,0.0,0.0,0.0,0.0,1.0,1.0,1.0,21.0,
N1000_r0,1000,0,7561,csbio_iitm2,classical,True,3.580106019973755,21.0,21.0,1.0000000000000002,1.0000000000000002,1.0,0.6322937327913983,0.690913900277741,0.3042158467977575,21.0,21.0,
N1000_r0,1000,0,7561,dmon,gnn,True,1.696033000946045,11.0,21.0,0.0036659710293454784,0.040636016237309475,-4.541540738402809e-05,-0.01111670838324334,0.18158973680730062,0.9162953948248845,11.0,21.0,
N1000_r0,1000,0,7561,mincut,gnn,True,1.5073637962341309,5.0,21.0,0.0009219482662309372,0.0224946782694756,0.0009234144726903812,-0.009371007268117808,0.5397434201825155,0.8974542042384923,5.0,21.0,
N1000_r1,1000,1,7416,louvain,classical,True,0.0368502140045166,20.0,20.0,1.0,1.0,1.0,0.6389672930856517,0.69457928802589,0.3033689652363993,20.0,20.0,
N1000_r1,1000,1,7416,leiden,classical,True,0.028393030166625977,20.0,20.0,1.0,1.0,1.0,0.6389672930856517,0.69457928802589,0.3033689652363993,20.0,20.0,
N1000_r1,1000,1,7416,walktrap,classical,True,0.040580034255981445,20.0,20.0,0.9964216164600411,0.9966662277047434,0.9955570300917819,0.6384584658495175,0.6940399137001079,0.30390529503038566,20.0,20.0,
N1000_r1,1000,1,7416,fastgreedy,classical,True,0.011174917221069336,10.0,20.0,0.7702820067731315,0.7782967878286138,0.5434446252763006,0.5772191969693796,0.6885113268608414,0.31394668746072696,10.0,20.0,
N1000_r1,1000,1,7416,label_propagation,classical,True,0.011602163314819336,17.0,20.0,0.9620621218219505,0.964299227494323,0.8646785248047998,0.6281338586559979,0.6998381877022654,0.3001692595989161,17.0,20.0,
N1000_r1,1000,1,7416,spectral,classical,True,0.08218812942504883,22.0,20.0,0.9851686770690353,0.9862844982864654,0.9730464676960471,0.6240203202876896,0.6782632146709816,0.34549868518594684,22.0,20.0,
N1000_r1,1000,1,7416,spinglass,classical,True,3.4751219749450684,21.0,20.0,0.9939065873897522,0.9943289099980818,0.9931919197287455,0.6375725638841468,0.6930960086299892,0.33792286358743256,21.0,20.0,
N1000_r1,1000,1,7416,leading_eigen,classical,True,0.030224084854125977,23.0,20.0,0.4324980849110418,0.472807110110485,0.22198614356294658,0.31418098997880906,0.46062567421790723,0.7150452754743671,23.0,20.0,
N1000_r1,1000,1,7416,sbm,classical,False,0.3212602138519287,,,,,,,,,,,'numpy.int64' object is not iterable
N1000_r1,1000,1,7416,em,classical,False,0.0,,,,,,,,,,,Algorithm 'em' not found
N1000_r1,1000,1,7416,cpm,classical,True,0.041216135025024414,466.0,20.0,0.011682160187649329,0.4640522347422005,0.0026373842639860782,-0.0012074555408929525,0.002696871628910464,0.9991788366712141,466.0,20.0,
N1000_r1,1000,1,7416,rb_pots,classical,True,0.03153514862060547,20.0,20.0,-0.00209195471363492,0.06641680537243642,0.0002831291945534373,-0.0033121591090257575,0.04908306364617044,0.9525324043373983,20.0,20.0,
N1000_r1,1000,1,7416,rber_pots,classical,True,0.029780864715576172,20.0,20.0,-0.00209195471363492,0.06641680537243642,0.0002831291945534373,-0.0033121591090257575,0.04908306364617044,0.9525324043373983,20.0,20.0,
N1000_r1,1000,1,7416,scan,classical,True,0.03827500343322754,17.0,20.0,0.1634464686372229,0.6288605542836732,0.07686254302519334,0.10653495707115668,0.12338187702265373,0.782131340260471,17.0,20.0,
N1000_r1,1000,1,7416,agdl,classical,True,0.01120901107788086,1.0,20.0,0.0,0.0,0.0,1.1102230246251565e-16,1.0,1.0,1.0,20.0,
N1000_r1,1000,1,7416,async_fluid,classical,True,0.023665904998779297,10.0,20.0,0.8507578775808475,0.855879487989864,0.6255257795463145,0.6059570715930686,0.7102211434735707,0.2900854434637382,10.0,20.0,
N1000_r1,1000,1,7416,gdmp2,classical,False,0.0,,,,,,,,,,,Algorithm 'gdmp2' not found
N1000_r1,1000,1,7416,der,classical,True,0.10709595680236816,2.0,20.0,0.37114145321833175,0.37442937174902213,0.10076370316530738,0.340044383466635,0.8408845738942826,0.16591676040494938,2.0,20.0,
N1000_r1,1000,1,7416,score,classical,True,0.03578805923461914,2.0,20.0,0.09145173345651504,0.09647181723812145,0.02107410087743797,0.13152899493383802,0.7824973031283711,0.48278958395689914,2.0,20.0,
N1000_r1,1000,1,7416,svt,classical,True,1.978959083557129,50.0,20.0,0.7988549390301326,0.8292147961954693,0.5674543074217683,0.1715953850329734,0.19444444444444445,0.8396613365326813,50.0,20.0,
N1000_r1,1000,1,7416,teamcs,classical,True,0.04828166961669922,20.0,20.0,1.0,1.0,1.0,0.6389672930856517,0.69457928802589,0.3033689652363993,20.0,20.0,
N1000_r1,1000,1,7416,simnet,classical,True,4.316932916641235,41.0,20.0,0.8652756444134293,0.8855627300927043,0.7376406597125901,0.39815203926551995,0.4274541531823085,0.6738990473942545,41.0,20.0,
N1000_r1,1000,1,7416,tusk,classical,True,0.25256800651550293,20.0,20.0,1.0,1.0,1.0,0.6389672930856517,0.69457928802589,0.3033689652363993,20.0,20.0,
N1000_r1,1000,1,7416,bigs2,classical,True,0.001310110092163086,1.0,20.0,0.0,0.0,0.0,1.1102230246251565e-16,1.0,1.0,1.0,20.0,
N1000_r1,1000,1,7416,csbio_iitm2,classical,True,3.236652135848999,20.0,20.0,0.9999999999999999,0.9999999999999999,1.0,0.6389672930856517,0.69457928802589,0.3033689652363993,20.0,20.0,
N1000_r1,1000,1,7416,dmon,gnn,True,1.7291676998138428,10.0,20.0,-0.0012501694465341768,0.033452603182529135,-0.00036666809518479967,-0.026774633173092005,0.36650485436893204,0.9166238705030334,10.0,20.0,
N1000_r1,1000,1,7416,mincut,gnn,True,1.4782068729400635,7.0,20.0,-0.0003331452998106003,0.026650083012711375,0.0006586251665536866,-0.009150307972848583,0.6511596548004315,0.9478873010708596,7.0,20.0,
N2000_r0,2000,0,14762,louvain,classical,True,0.08997106552124023,32.0,34.0,0.9940051233924877,0.994507283301702,0.9889566856011175,0.6597220426173597,0.6991600054193199,0.2997550789564583,32.0,34.0,
N2000_r0,2000,0,14762,leiden,classical,True,0.058116912841796875,33.0,34.0,0.997049028511525,0.9973027079446553,0.9946870353381838,0.6597254934781392,0.699024522422436,0.2997857215191385,33.0,34.0,
N2000_r0,2000,0,14762,walktrap,classical,True,0.14272522926330566,34.0,34.0,0.9886438269615646,0.9896451373883604,0.98568461574741,0.6578339238741213,0.6968567944722938,0.3020828132471738,34.0,34.0,
N2000_r0,2000,0,14762,fastgreedy,classical,True,0.029980182647705078,16.0,34.0,0.755090597080362,0.7660909896004211,0.46506083604735104,0.5938329680774636,0.6939439100392901,0.3214486234914635,16.0,34.0,
N2000_r0,2000,0,14762,label_propagation,classical,True,0.027258872985839844,33.0,34.0,0.9847330270247963,0.9860349633669571,0.9559592182902223,0.6542316657556455,0.695298740008129,0.3162612660850148,33.0,34.0,
N2000_r0,2000,0,14762,spectral,classical,True,0.2605748176574707,31.0,34.0,0.9695177934301207,0.9720145623264286,0.8460526660861873,0.6484498311198295,0.7053244817775369,0.29794745355728064,31.0,34.0,
N2000_r0,2000,0,14762,spinglass,classical,True,7.076415061950684,25.0,34.0,0.954138902719041,0.9572154464868349,0.8875983942255943,0.6553070517183626,0.6997019374068555,0.2998923387050958,25.0,34.0,
N2000_r0,2000,0,14762,leading_eigen,classical,True,0.06559586524963379,29.0,34.0,0.36685841885196585,0.40305808476244764,0.1603385498372385,0.29278193179223155,0.42094567131824956,0.7869519977719276,29.0,34.0,
N2000_r0,2000,0,14762,sbm,classical,False,0.9599440097808838,,,,,,,,,,,'numpy.int64' object is not iterable
N2000_r0,2000,0,14762,em,classical,False,0.0,,,,,,,,,,,Algorithm 'em' not found
N2000_r0,2000,0,14762,cpm,classical,True,0.09599900245666504,947.0,34.0,0.008043335334822018,0.4983346027934955,0.0013364494648637271,-0.0009431610923670427,0.0010161224766291831,0.9997082796683676,947.0,34.0,
N2000_r0,2000,0,14762,rb_pots,classical,True,0.06444025039672852,33.0,34.0,-0.0021107770825129555,0.08403539371475223,-3.7058119278426224e-05,-0.0009361652981403278,0.03515783769136973,0.9705318049644525,33.0,34.0,
N2000_r0,2000,0,14762,rber_pots,classical,True,0.06112098693847656,34.0,34.0,-0.0020377441498369542,0.08630110710055497,-2.7234075280205264e-05,-0.0010450280245688792,0.03468364720227612,0.971622286171337,34.0,34.0,
N2000_r0,2000,0,14762,scan,classical,True,0.07522106170654297,21.0,34.0,0.0796333259401821,0.6320911804727818,0.02580573037722233,0.048512269673169156,0.053041593280043355,0.7860107354392912,21.0,34.0,
N2000_r0,2000,0,14762,agdl,classical,True,0.03339505195617676,2.0,34.0,2.7957338656145892e-05,0.0016381015370049161,5.454287116562691e-06,0.00013525355135339892,0.9994580680124644,0.8,2.0,34.0,
N2000_r0,2000,0,14762,async_fluid,classical,True,0.07524299621582031,14.0,34.0,0.8248681072101087,0.8316686498821975,0.5704139307336166,0.6228027079932453,0.7067470532448178,0.2961385695417057,14.0,34.0,
N2000_r0,2000,0,14762,gdmp2,classical,False,0.0,,,,,,,,,,,Algorithm 'gdmp2' not found
N2000_r0,2000,0,14762,der,classical,True,0.3045952320098877,2.0,34.0,0.3328623285610574,0.3355700523037748,0.06847355392611995,0.3454410210171922,0.845684866549248,0.157799944582987,2.0,34.0,
N2000_r0,2000,0,14762,score,classical,True,0.10543513298034668,2.0,34.0,0.06831772123184213,0.07294954882858638,0.005875734439227861,0.06501802588332814,0.9532583660750575,0.3933865450399088,2.0,34.0,
N2000_r0,2000,0,14762,svt,classical,True,10.808838129043579,50.0,34.0,0.8371791003787116,0.8567294643860747,0.7001476180363313,0.33746105001506904,0.361942826175315,0.6525887733445123,50.0,34.0,
N2000_r0,2000,0,14762,teamcs,classical,True,0.09933209419250488,34.0,34.0,1.0,1.0,1.0,0.6596440334314253,0.6987535564286682,0.3001604833605051,34.0,34.0,
N2000_r0,2000,0,14762,simnet,classical,True,39.16996097564697,111.0,34.0,0.6742305836200454,0.7803168689919511,0.38421683042880733,0.13368337069287833,0.1398184527841756,0.8837893700206416,111.0,34.0,
N2000_r0,2000,0,14762,tusk,classical,True,1.8716752529144287,34.0,34.0,1.0,1.0,1.0,0.6596440334314253,0.6987535564286682,0.3001604833605051,34.0,34.0,
N2000_r0,2000,0,14762,bigs2,classical,True,0.002232074737548828,1.0,34.0,0.0,0.0,0.0,0.0,1.0,1.0,1.0,34.0,
N2000_r0,2000,0,14762,csbio_iitm2,classical,True,4.3066229820251465,34.0,34.0,1.0,1.0,1.0,0.6596440334314253,0.6987535564286682,0.30016048336050505,34.0,34.0,
N2000_r0,2000,0,14762,dmon,gnn,True,3.1081340312957764,12.0,34.0,-0.0018631857219393842,0.031221206639834874,-0.0009689726925711515,-0.018079578171183677,0.4847581628505623,0.9560381175434963,12.0,34.0,
N2000_r0,2000,0,14762,mincut,gnn,True,2.344216823577881,3.0,34.0,-0.0009334579677742893,0.007669916707690178,-0.000156201627526509,-0.010701201877907025,0.7482725917897304,0.9397605757420037,3.0,34.0,
N2000_r1,2000,1,14477,louvain,classical,True,0.0955960750579834,39.0,42.0,0.9911910587308311,0.992243448576825,0.9794758333738589,0.667531915163047,0.7001450576776956,0.2983989432624364,39.0,42.0,
N2000_r1,2000,1,14477,leiden,classical,True,0.0561673641204834,39.0,42.0,0.9911910587308309,0.9922434485768249,0.9794758333738589,0.667531915163047,0.7001450576776956,0.29839894326243627,39.0,42.0,
N2000_r1,2000,1,14477,walktrap,classical,True,0.1338059902191162,42.0,42.0,0.9959481386899419,0.996460502929696,0.9937269659725089,0.6668876827625133,0.6988326310699731,0.3000560713968812,42.0,42.0,
N2000_r1,2000,1,14477,fastgreedy,classical,True,0.02768421173095703,17.0,42.0,0.7453526991631332,0.7595369915417975,0.4283349181325709,0.6083301445887954,0.6935138495544657,0.31298673531864646,17.0,42.0,
N2000_r1,2000,1,14477,label_propagation,classical,True,0.021165132522583008,38.0,42.0,0.9715970992919069,0.9749015562327008,0.8521245581523437,0.6605924981824312,0.7032534364854597,0.29828034929144065,38.0,42.0,
N2000_r1,2000,1,14477,spectral,classical,True,0.30861592292785645,31.0,42.0,0.8998485166908233,0.909805300396306,0.5461590630778919,0.6299045546656483,0.7191407059473648,0.2938796419198535,31.0,42.0,
N2000_r1,2000,1,14477,spinglass,classical,True,7.259446144104004,25.0,42.0,0.917582711352428,0.9243306917948169,0.771300989721263,0.6597901474404508,0.7036678869931615,0.2972779186590239,25.0,42.0,
N2000_r1,2000,1,14477,leading_eigen,classical,True,0.06850504875183105,19.0,42.0,0.38336080654632804,0.42196409926938966,0.12960623590256862,0.30977798116950306,0.45030047661808387,0.6328383408573584,19.0,42.0,
N2000_r1,2000,1,14477,sbm,classical,False,0.8770160675048828,,,,,,,,,,,'numpy.int64' object is not iterable
N2000_r1,2000,1,14477,em,classical,False,0.0,,,,,,,,,,,Algorithm 'em' not found
N2000_r1,2000,1,14477,cpm,classical,True,0.08055496215820312,936.0,42.0,0.014608049289806005,0.5221715715995651,0.0022908854500809503,-0.0005349012898814203,0.0014505767769565517,0.9995953899577369,936.0,42.0,
N2000_r1,2000,1,14477,rb_pots,classical,True,0.059229135513305664,39.0,42.0,-0.004579824102694381,0.115435689007402,-0.0009204408130386322,-0.004394150171982266,0.024936105546729294,0.9780322360217363,39.0,42.0,
N2000_r1,2000,1,14477,rber_pots,classical,True,0.05602216720581055,42.0,42.0,-0.006476261442141332,0.1207969260329123,-0.001140324122830828,-0.00428861229834526,0.023899979277474614,0.9798354830723494,42.0,42.0,
N2000_r1,2000,1,14477,scan,classical,True,0.0785818099975586,36.0,42.0,0.19082486943182408,0.6758514597891142,0.08104332910155111,0.12169473489493537,0.12930855840298405,0.7324787193458229,36.0,42.0,
N2000_r1,2000,1,14477,agdl,classical,True,0.03314399719238281,2.0,42.0,0.0023040102860004967,0.0060140446556598386,7.412707917920192e-05,0.000956019783405772,0.9962699454306831,0.7941176470588235,2.0,42.0,
N2000_r1,2000,1,14477,async_fluid,classical,True,0.06812334060668945,14.0,42.0,0.791844124455325,0.8017019962337443,0.4708366690107288,0.6238192625337462,0.7102300200317745,0.2946675355273337,14.0,42.0,
N2000_r1,2000,1,14477,gdmp2,classical,False,0.0,,,,,,,,,,,Algorithm 'gdmp2' not found
N2000_r1,2000,1,14477,der,classical,True,0.3039979934692383,2.0,42.0,0.31381778696346224,0.3171043254055376,0.054874105727133325,0.3473440606107935,0.8473440629964771,0.1526664824537165,2.0,42.0,
N2000_r1,2000,1,14477,score,classical,True,0.0956118106842041,2.0,42.0,0.06583017681516906,0.0709136587953257,0.007045899328896888,0.08990955582201299,0.8945914208744906,0.4804785894206549,2.0,42.0,
N2000_r1,2000,1,14477,svt,classical,True,10.505486249923706,50.0,42.0,0.8577232932362348,0.8781252163556102,0.7546502580412512,0.44486097712382733,0.46750017268771155,0.5317821448389908,50.0,42.0,
N2000_r1,2000,1,14477,teamcs,classical,True,0.11072802543640137,42.0,42.0,1.0,1.0,1.0,0.6674388997429278,0.6993852317469089,0.2996335730242136,42.0,42.0,
N2000_r1,2000,1,14477,simnet,classical,True,30.014016151428223,121.0,42.0,0.7346204436683819,0.8225918810754493,0.4931987819517201,0.1570397667080031,0.16460592664226015,0.8821579327896266,121.0,42.0,
N2000_r1,2000,1,14477,tusk,classical,True,3.1315789222717285,42.0,42.0,1.0,1.0,1.0,0.6674388997429278,0.6993852317469089,0.2996335730242136,42.0,42.0,
N2000_r1,2000,1,14477,bigs2,classical,True,0.0023708343505859375,1.0,42.0,0.0,0.0,0.0,0.0,1.0,1.0,1.0,42.0,
N2000_r1,2000,1,14477,csbio_iitm2,classical,True,4.366574048995972,42.0,42.0,1.0,1.0,1.0,0.6674388997429278,0.6993852317469089,0.2996335730242136,42.0,42.0,
N2000_r1,2000,1,14477,dmon,gnn,True,2.8040730953216553,11.0,42.0,0.0014291839382765208,0.031461233079593885,0.0013516560051962507,-0.01411343970641896,0.31083788077640395,0.9173607562692464,11.0,42.0,
N2000_r1,2000,1,14477,mincut,gnn,True,2.365811824798584,2.0,42.0,-0.0010385741952370546,0.004438003405909736,3.0795481614513006e-05,-0.001565523786938478,0.9057815845824411,0.9673758865248226,2.0,42.0,
N3000_r0,3000,0,22421,louvain,classical,True,0.15576410293579102,44.0,45.0,0.9974284239623744,0.9976740958183786,0.9942251342353009,0.6702768016441002,0.7009054011863878,0.2990742594994491,44.0,45.0,
N3000_r0,3000,0,22421,leiden,classical,True,0.08972620964050293,44.0,45.0,0.9974284239623745,0.9976740958183787,0.9942251342353009,0.6702768016441002,0.7009054011863878,0.2990742594994491,44.0,45.0,
N3000_r0,3000,0,22421,walktrap,classical,True,0.3035719394683838,45.0,45.0,0.9894727700026456,0.9904975535110231,0.9844443499380895,0.6685337743178558,0.6989875563088176,0.30035835769202635,45.0,45.0,
N3000_r0,3000,0,22421,fastgreedy,classical,True,0.06819295883178711,15.0,45.0,0.724744081727415,0.7345235861712336,0.3977054393178732,0.604533339514871,0.6972481156059052,0.314911689062434,15.0,45.0,
N3000_r0,3000,0,22421,label_propagation,classical,True,0.040879249572753906,42.0,45.0,0.9692208403986218,0.9720627982488921,0.8124999510187876,0.6576733426046983,0.7019312251906694,0.3044835663619609,42.0,45.0,
N3000_r0,3000,0,22421,spectral,classical,True,0.8609709739685059,38.0,45.0,0.9471327679979891,0.9516319204979946,0.7257099453809478,0.6549380788180709,0.7094688015699567,0.29684627684285836,38.0,45.0,
N3000_r0,3000,0,22421,spinglass,classical,True,11.265630960464478,25.0,45.0,0.9121581744075209,0.9172068594287938,0.7649841687371458,0.6609433444784355,0.7037152669372463,0.2966458786517388,25.0,45.0,
N3000_r0,3000,0,22421,leading_eigen,classical,True,0.0702509880065918,11.0,45.0,0.25362336965898774,0.2740672681785469,0.0681601204421305,0.2576764088394204,0.4372240310423264,0.6672615930552172,11.0,45.0,
N3000_r0,3000,0,22421,sbm,classical,False,3.044719934463501,,,,,,,,,,,'numpy.int64' object is not iterable
N3000_r0,3000,0,22421,em,classical,False,0.0,,,,,,,,,,,Algorithm 'em' not found
N3000_r0,3000,0,22421,cpm,classical,True,0.14980721473693848,1408.0,45.0,0.00035267929979018937,0.51201670263469,0.00018672948280541715,-0.0008613028269806876,0.0004014093929797957,0.999884507743282,1408.0,45.0,
N3000_r0,3000,0,22421,rb_pots,classical,True,0.09720110893249512,44.0,45.0,-0.00819371170319285,0.08812263933675389,-0.0015433860427972337,-0.001221046319239142,0.026671424111324206,0.9787420956116765,44.0,45.0,
N3000_r0,3000,0,22421,rber_pots,classical,True,0.09460902214050293,45.0,45.0,-0.00843744896519093,0.08972529927259947,-0.0015702728033376895,-0.0014050581983743279,0.026180812631015567,0.9795087170920214,45.0,45.0,
N3000_r0,3000,0,22421,scan,classical,True,0.10243082046508789,25.0,45.0,0.05179745302361106,0.6383126040982381,0.01323348501857642,0.027914695360777914,0.02957049194951162,0.8290709086319812,25.0,45.0,
N3000_r0,3000,0,22421,agdl,classical,True,0.06588888168334961,2.0,45.0,0.00024404645667334163,0.0019508160194885763,-5.688806686042794e-05,0.00026531464242003384,0.9981267561660943,0.875,2.0,45.0,
N3000_r0,3000,0,22421,async_fluid,classical,True,0.13085293769836426,17.0,45.0,0.8358932990791991,0.842395510844758,0.5668476211284795,0.6431089634011864,0.7094242005262923,0.2928429073789921,17.0,45.0,
N3000_r0,3000,0,22421,gdmp2,classical,False,0.0,,,,,,,,,,,Algorithm 'gdmp2' not found
N3000_r0,3000,0,22421,der,classical,True,0.514901876449585,2.0,45.0,0.30377097864198765,0.3061271875896747,0.05173809381993567,0.3379072531472028,0.8531287632130592,0.17791344751202118,2.0,45.0,
N3000_r0,3000,0,22421,score,classical,True,0.16049790382385254,2.0,45.0,0.07114290593922895,0.07479334380184084,0.006343005617240098,0.07578418032988307,0.9384059586994336,0.4150886684700932,2.0,45.0,
N3000_r0,3000,0,22421,svt,classical,True,23.970242023468018,60.0,45.0,0.8685928870297782,0.8845398041846444,0.7185403032053608,0.4442797347301556,0.46367244993532847,0.543152515829922,60.0,45.0,
N3000_r0,3000,0,22421,teamcs,classical,True,0.2223517894744873,45.0,45.0,1.0,1.0,1.0,0.6702693240417125,0.70072699701173,0.29918815875964244,45.0,45.0,
N3000_r0,3000,0,22421,simnet,classical,True,97.7972059249878,175.0,45.0,0.6729788838078453,0.7836942627522566,0.3376264816507132,0.10695823704958787,0.11119040185540342,0.9181224019715644,175.0,45.0,
N3000_r0,3000,0,22421,tusk,classical,True,6.596927881240845,68.0,45.0,0.9548363497717915,0.9604302853074052,0.8350886220449573,0.5900000274715853,0.6138441639534366,0.5001501510972632,68.0,45.0,
N3000_r0,3000,0,22421,bigs2,classical,True,0.003083944320678711,1.0,45.0,0.0,0.0,0.0,1.1102230246251565e-16,1.0,1.0,1.0,45.0,
N3000_r0,3000,0,22421,csbio_iitm2,classical,True,4.295531988143921,45.0,45.0,1.0000000000000002,1.0000000000000002,1.0,0.6702693240417125,0.70072699701173,0.29918815875964244,45.0,45.0,
N3000_r0,3000,0,22421,dmon,gnn,True,3.5793371200561523,16.0,45.0,0.00042104769717251885,0.029782597942743683,0.0004022533501839818,-0.005247527328065599,0.16408723964140762,0.9405613181014121,16.0,45.0,
N3000_r0,3000,0,22421,mincut,gnn,True,2.4483401775360107,1.0,45.0,0.0,0.0,0.0,1.1102230246251565e-16,1.0,1.0,1.0,45.0,
N3000_r1,3000,1,21609,louvain,classical,True,0.12225890159606934,42.0,42.0,1.0000000000000002,1.0000000000000002,1.0,0.6712865085546699,0.7006339950946365,0.2992920289663864,42.0,42.0,
N3000_r1,3000,1,21609,leiden,classical,True,0.08592724800109863,42.0,42.0,1.0000000000000002,1.0000000000000002,1.0,0.6712865085546699,0.7006339950946365,0.29929202896638646,42.0,42.0,
N3000_r1,3000,1,21609,walktrap,classical,True,0.29189109802246094,42.0,42.0,0.9784553089444474,0.980331084107684,0.9690130358864485,0.667362419485057,0.6966541718728307,0.30257279227798695,42.0,42.0,
N3000_r1,3000,1,21609,fastgreedy,classical,True,0.060707807540893555,15.0,42.0,0.7216836602268466,0.7310072951693817,0.3930235292249665,0.5883635911315097,0.6758757924938683,0.3306566191033449,15.0,42.0,
N3000_r1,3000,1,21609,label_propagation,classical,True,0.05513501167297363,40.0,42.0,0.9907429586783543,0.9915153174525393,0.9612503965199972,0.669585123173258,0.7012818732935351,0.2989908685993409,40.0,42.0,
N3000_r1,3000,1,21609,spectral,classical,True,0.7367191314697266,38.0,42.0,0.9750939519998204,0.977086999601384,0.8780979883796612,0.665496500033373,0.7041510481743718,0.2976937056425772,38.0,42.0,
N3000_r1,3000,1,21609,spinglass,classical,True,10.150279998779297,25.0,42.0,0.9197740338024252,0.9240808804537342,0.7673669249679225,0.662633453232325,0.7057244666574113,0.2953348719591628,25.0,42.0,
N3000_r1,3000,1,21609,leading_eigen,classical,True,0.11782288551330566,47.0,42.0,0.3816648371974888,0.4242334475801311,0.12534359640885193,0.2801902731189969,0.38331250867694017,0.812121612930412,47.0,42.0,
N3000_r1,3000,1,21609,sbm,classical,False,1.9529180526733398,,,,,,,,,,,'numpy.int64' object is not iterable
N3000_r1,3000,1,21609,em,classical,False,0.0,,,,,,,,,,,Algorithm 'em' not found
N3000_r1,3000,1,21609,cpm,classical,True,0.1288602352142334,1405.0,42.0,0.006832389916861297,0.5122558288464728,0.0008277048057890841,-0.0004069406903664901,0.0008329862557267805,0.9997337589798969,1405.0,42.0,
N3000_r1,3000,1,21609,rb_pots,classical,True,0.09412479400634766,42.0,42.0,0.0032763846495113776,0.09007309003314926,0.00031694294233601956,-3.0261342461597417e-05,0.028830579850988015,0.9765584877035199,42.0,42.0,
N3000_r1,3000,1,21609,rber_pots,classical,True,0.08935976028442383,42.0,42.0,0.0032763846495113776,0.09007309003314926,0.00031694294233601956,-3.0261342461597417e-05,0.028830579850988015,0.9765584877035199,42.0,42.0,
N3000_r1,3000,1,21609,scan,classical,True,0.09249091148376465,22.0,42.0,0.05344017952177064,0.6335486761033174,0.013259698084738347,0.02915552548459796,0.03123698458975427,0.8309599780583682,22.0,42.0,
N3000_r1,3000,1,21609,agdl,classical,True,0.06472611427307129,2.0,42.0,0.001837974895557539,0.00459410485277663,-4.118605821244495e-05,0.0009156719662424576,0.9964829469202647,0.7916666666666666,2.0,42.0,
N3000_r1,3000,1,21609,async_fluid,classical,True,0.10379600524902344,17.0,42.0,0.8379729075878848,0.8439273320171768,0.5773201467878792,0.6385007441531914,0.7016058123929844,0.29915084882825393,17.0,42.0,
N3000_r1,3000,1,21609,gdmp2,classical,False,0.0,,,,,,,,,,,Algorithm 'gdmp2' not found
N3000_r1,3000,1,21609,der,classical,True,0.4863898754119873,2.0,42.0,0.31414108417525394,0.31631693838481084,0.055624976193899535,0.3452737377905827,0.8452959415058541,0.15574190542744,2.0,42.0,
N3000_r1,3000,1,21609,score,classical,True,0.16796207427978516,2.0,42.0,0.05003930289303536,0.053737330491988006,0.0035728278702987005,0.04865813994744313,0.9631634966911935,0.41158221302998965,2.0,42.0,
N3000_r1,3000,1,21609,svt,classical,True,23.13223910331726,59.0,42.0,0.8814452382780622,0.8949227690187277,0.746612524540183,0.4637305480554305,0.4830394742931186,0.5613211466377241,59.0,42.0,
N3000_r1,3000,1,21609,teamcs,classical,True,0.44266414642333984,42.0,42.0,1.0,1.0,1.0,0.6712865085546699,0.7006339950946365,0.2992920289663864,42.0,42.0,
N3000_r1,3000,1,21609,simnet,classical,True,75.39514708518982,225.0,42.0,0.6167329721443837,0.7587861754875828,0.2712774442648089,0.062305001005024355,0.06585219121662271,0.9531891333633542,225.0,42.0,
N3000_r1,3000,1,21609,tusk,classical,True,7.47516393661499,59.0,42.0,0.9647953238877351,0.9685604627776233,0.8700446077515954,0.6152472426633784,0.6396871673839604,0.4604090265200464,59.0,42.0,
N3000_r1,3000,1,21609,bigs2,classical,True,0.006106138229370117,1.0,42.0,0.0,0.0,0.0,0.0,1.0,1.0,1.0,42.0,
N3000_r1,3000,1,21609,csbio_iitm2,classical,True,6.434291124343872,42.0,42.0,1.0,1.0000000000000002,1.0,0.6712865085546699,0.7006339950946365,0.29929202896638646,42.0,42.0,
N3000_r1,3000,1,21609,dmon,gnn,True,4.407235860824585,18.0,42.0,0.000938074402182329,0.03647495319549854,-0.0002676739185562706,-0.010917764679256217,0.3685038641306863,0.9591319974065488,18.0,42.0,
N3000_r1,3000,1,21609,mincut,gnn,True,2.8951690196990967,3.0,42.0,0.0003217812922687076,0.0064461686358339735,3.306505613093787e-05,-1.8073712869701333e-05,0.9930584478689435,1.0,3.0,42.0,
N5000_r0,5000,0,36958,louvain,classical,True,0.3905520439147949,38.0,39.0,0.9950513504076547,0.9952676924533529,0.9838393598425238,0.667184033647876,0.6991449753774555,0.30112227942337977,38.0,39.0,
N5000_r0,5000,0,36958,leiden,classical,True,0.16665005683898926,39.0,39.0,1.0,1.0,1.0,0.6678105494301093,0.6988743979652579,0.30131211116781614,39.0,39.0,
N5000_r0,5000,0,36958,walktrap,classical,True,0.8946671485900879,39.0,39.0,0.9410025494650185,0.9436455338698417,0.9188303528180854,0.6569172077280235,0.6879971859949131,0.31012971786995175,39.0,39.0,
N5000_r0,5000,0,36958,fastgreedy,classical,True,0.18676018714904785,13.0,39.0,0.7196726526550613,0.7242005195702812,0.3858325554202824,0.5923905261346518,0.6956274690188863,0.31494166644460997,13.0,39.0,
N5000_r0,5000,0,36958,label_propagation,classical,True,0.10822558403015137,37.0,39.0,0.9884374030100477,0.9889296283920933,0.9672682320054461,0.6640155577282509,0.6967638941501163,0.30890479382457,37.0,39.0,
N5000_r0,5000,0,36958,spectral,classical,True,4.283956050872803,50.0,39.0,0.975928990415495,0.9772152802805602,0.9619541710654483,0.6557713733730759,0.6858325666973321,0.39746839831778585,50.0,39.0,
N5000_r0,5000,0,36958,spinglass,classical,True,39.90591478347778,25.0,39.0,0.9272619137350631,0.929382871937062,0.7948745089463616,0.6569310777671872,0.7015260566047946,0.29987318936870144,25.0,39.0,
N5000_r0,5000,0,36958,leading_eigen,classical,True,0.25284695625305176,45.0,39.0,0.41017226608133817,0.4347955531132873,0.15354409901981714,0.2915021837671996,0.3716651333946642,0.7671718984178011,45.0,39.0,
N5000_r0,5000,0,36958,sbm,classical,False,3.6634809970855713,,,,,,,,,,,'numpy.int64' object is not iterable
N5000_r0,5000,0,36958,em,classical,False,0.0,,,,,,,,,,,Algorithm 'em' not found
N5000_r0,5000,0,36958,cpm,classical,True,0.2552199363708496,2386.0,39.0,0.001746247346901881,0.48961353696378224,0.00014798629478325728,-0.00044532306686773923,0.0002164619297581038,0.9999221818358264,2386.0,39.0,
N5000_r0,5000,0,36958,rb_pots,classical,True,0.17220115661621094,39.0,39.0,0.0007548831438537075,0.04550658333764208,-0.0002445494764673216,-0.0006048222942176065,0.031062286920287896,0.9746664590672456,39.0,39.0,
N5000_r0,5000,0,36958,rber_pots,classical,True,0.17312192916870117,39.0,39.0,0.0007653774906590961,0.045515288639226055,-0.0002473082224825419,-0.0006657615137922266,0.030981113696628607,0.9747125046793209,39.0,39.0,
N5000_r0,5000,0,36958,scan,classical,True,0.14447999000549316,7.0,39.0,0.00317508251144743,0.5901785427578206,0.00023248991276806057,0.0007238930479515683,0.0011905406136695708,0.9144388176782223,7.0,39.0,
N5000_r0,5000,0,36958,agdl,classical,True,0.18697285652160645,2.0,39.0,0.035037564718009624,0.03696927335551841,0.0028109915582390276,0.04296472942971864,0.8736944639861465,0.6765217391304348,2.0,39.0,
N5000_r0,5000,0,36958,async_fluid,classical,True,0.3291141986846924,22.0,39.0,0.8823156807624551,0.8853360490644269,0.7059552582770169,0.6403917541423082,0.690865306564208,0.31260729200468107,22.0,39.0,
N5000_r0,5000,0,36958,gdmp2,classical,False,0.0,,,,,,,,,,,Algorithm 'gdmp2' not found
N5000_r0,5000,0,36958,der,classical,True,1.3027949333190918,2.0,39.0,0.320842720208366,0.32206207340054943,0.0608880196340106,0.3453569259431804,0.8458520482710103,0.15915630674675235,2.0,39.0,
N5000_r0,5000,0,36958,score,classical,True,0.49272871017456055,2.0,39.0,0.047671070560411866,0.04975740112721254,0.003096441012667319,0.04077192053129537,0.9722928729909627,0.3902439024390244,2.0,39.0,
N5000_r0,5000,0,36958,svt,classical,True,62.454736948013306,99.0,39.0,0.8503832270612002,0.8652779219481047,0.5503801954244922,0.2802462157664555,0.2926835867741761,0.769514928737399,99.0,39.0,
N5000_r0,5000,0,36958,teamcs,classical,True,0.512376070022583,39.0,39.0,1.0,1.0,1.0,0.6678105494301093,0.6988743979652579,0.3013121111678162,39.0,39.0,
N5000_r0,5000,0,36958,simnet,classical,True,253.63928771018982,404.0,39.0,0.5383123022634336,0.7023880602787839,0.12551448525848521,0.019280598677658214,0.020915633962876778,0.9803572702142328,404.0,39.0,
N5000_r0,5000,0,36958,tusk,classical,True,24.18441390991211,111.0,39.0,0.8852579447029624,0.8962813491226372,0.6058822698769258,0.4676288598239768,0.48354889333838413,0.6523516453623776,111.0,39.0,
N5000_r0,5000,0,36958,bigs2,classical,True,0.00843191146850586,1.0,39.0,0.0,0.0,0.0,0.0,1.0,1.0,1.0,39.0,
N5000_r0,5000,0,36958,csbio_iitm2,classical,True,10.026222705841064,41.0,39.0,0.9996228411013639,0.9996398774888565,0.9993957718004739,0.667686749538451,0.698739109259159,0.33541773521277235,41.0,39.0,
N5000_r0,5000,0,36958,dmon,gnn,True,8.277553796768188,17.0,39.0,0.0022785576609560894,0.023342084944131467,-0.00028142282362225474,-0.005834237412917873,0.4831159694788679,0.9631958451442294,17.0,39.0,
N5000_r0,5000,0,36958,mincut,gnn,True,4.418928146362305,4.0,39.0,6.958747660390188e-05,0.005194295231845343,-1.48216485583557e-07,-0.006925156808901026,0.4745116077709833,0.8117522939928625,4.0,39.0,
N5000_r1,5000,1,36666,louvain,classical,True,0.42203402519226074,38.0,38.0,1.0,1.0,1.0,0.6672890854155724,0.7003763704794632,0.2995272123937437,38.0,38.0,
N5000_r1,5000,1,36666,leiden,classical,True,0.17751097679138184,38.0,38.0,1.0,1.0,1.0,0.6672890854155724,0.7003763704794632,0.2995272123937437,38.0,38.0,
N5000_r1,5000,1,36666,walktrap,classical,True,0.9037108421325684,38.0,38.0,0.9424502265084637,0.9449149971616426,0.9199139261087877,0.6564820220217985,0.6894670812196585,0.3079478854390105,38.0,38.0,
N5000_r1,5000,1,36666,fastgreedy,classical,True,0.1926436424255371,16.0,38.0,0.7601723244212963,0.7648176542604227,0.4707842288953002,0.5959675490774978,0.6834124256804669,0.32595055148365815,16.0,38.0,
N5000_r1,5000,1,36666,label_propagation,classical,True,0.09652400016784668,39.0,38.0,0.9958938409658556,0.9960742296877627,0.9888000863594735,0.6596963416323581,0.6921398570883107,0.31132827305251454,39.0,38.0,
N5000_r1,5000,1,36666,spectral,classical,True,5.379794120788574,50.0,38.0,0.9754941101846754,0.9767638031235509,0.960348953288512,0.6570964635798008,0.6891398025418644,0.4044510064055995,50.0,38.0,
N5000_r1,5000,1,36666,spinglass,classical,True,38.930351972579956,25.0,38.0,0.9384167528183188,0.9401655752432796,0.8419699092323037,0.6591127827262767,0.7019309441989854,0.2982300644810681,25.0,38.0,
N5000_r1,5000,1,36666,leading_eigen,classical,True,0.13425326347351074,7.0,38.0,0.214401712867202,0.22142700445355862,0.059034568012541276,0.2530870650244845,0.47883597883597884,0.6116392850061594,7.0,38.0,
N5000_r1,5000,1,36666,sbm,classical,False,4.1349523067474365,,,,,,,,,,,'numpy.int64' object is not iterable
N5000_r1,5000,1,36666,em,classical,False,0.0,,,,,,,,,,,Algorithm 'em' not found
N5000_r1,5000,1,36666,cpm,classical,True,0.2475428581237793,2389.0,38.0,0.0014239984293414026,0.4845653733817372,0.00010108604815584922,-0.0003981633215098191,0.0002727322314951181,0.9998503181137275,2389.0,38.0,
N5000_r1,5000,1,36666,rb_pots,classical,True,0.17325782775878906,38.0,38.0,0.001934378315463758,0.04470409861696721,0.0005807120241468237,0.00041944649213047474,0.03357333769704904,0.9731748145458226,38.0,38.0,
N5000_r1,5000,1,36666,rber_pots,classical,True,0.16470098495483398,38.0,38.0,0.0019453113855704956,0.0447177475472297,0.0005994373349717556,0.000390236339043655,0.03360061092019855,0.9731825435619536,38.0,38.0,
N5000_r1,5000,1,36666,scan,classical,True,0.14185714721679688,5.0,38.0,0.01077443608301764,0.5862736755900443,0.0022373952166946653,0.008794823775808435,0.009381988763432063,0.7394305596791095,5.0,38.0,
N5000_r1,5000,1,36666,agdl,classical,True,0.18477201461791992,6.0,38.0,0.022931033381666858,0.030941382192506913,0.00036791024818166586,0.01315045480557963,0.9418262150220913,0.780599647083731,6.0,38.0,
N5000_r1,5000,1,36666,async_fluid,classical,True,0.17638707160949707,22.0,38.0,0.8922878814954627,0.8949921283282013,0.7451789163366676,0.6426152594333627,0.6918125784105166,0.3182673127707533,22.0,38.0,
N5000_r1,5000,1,36666,gdmp2,classical,False,0.0,,,,,,,,,,,Algorithm 'gdmp2' not found
N5000_r1,5000,1,36666,der,classical,True,1.1018049716949463,2.0,38.0,0.324521862125699,0.32571454648629683,0.06449990243615099,0.3483496712778482,0.8487427044128075,0.15562040518547618,2.0,38.0,
N5000_r1,5000,1,36666,score,classical,True,0.45022106170654297,2.0,38.0,0.07152872010021187,0.07349081175167102,0.004960061557142687,0.05544282496869551,0.9693176239567992,0.3401874811006955,2.0,38.0,
N5000_r1,5000,1,36666,svt,classical,True,63.120848178863525,103.0,38.0,0.8470003791261517,0.8619995601650627,0.5394593002085135,0.26132450411045544,0.2732231495118093,0.7864646398461674,103.0,38.0,
N5000_r1,5000,1,36666,teamcs,classical,True,0.9139273166656494,38.0,38.0,1.0,1.0,1.0,0.6672890854155724,0.7003763704794632,0.29952721239374375,38.0,38.0,
N5000_r1,5000,1,36666,simnet,classical,True,286.33078026771545,408.0,38.0,0.5370919157909566,0.6962515898882201,0.12204809460512567,0.01877476639025724,0.020509463808432882,0.9793980957167622,408.0,38.0,
N5000_r1,5000,1,36666,tusk,classical,True,22.144969940185547,129.0,38.0,0.8768339474015587,0.888969036706437,0.5884332544881706,0.46143331568703877,0.4777995963562974,0.6774401046348048,129.0,38.0,
N5000_r1,5000,1,36666,bigs2,classical,True,0.005189180374145508,1.0,38.0,0.0,0.0,0.0,0.0,1.0,1.0,1.0,38.0,
N5000_r1,5000,1,36666,csbio_iitm2,classical,True,6.871614933013916,38.0,38.0,0.9999999999999998,0.9999999999999999,1.0,0.6672890854155724,0.7003763704794632,0.2995272123937438,38.0,38.0,
N5000_r1,5000,1,36666,dmon,gnn,True,7.918738126754761,18.0,38.0,0.0009404933144086017,0.022520770408589075,-0.00034942995606683497,-0.004419589140623406,0.2805869197621775,0.9481630440842329,18.0,38.0,
N5000_r1,5000,1,36666,mincut,gnn,True,3.9353630542755127,4.0,38.0,-8.93046384348376e-05,0.004829626274529334,-0.0001295678396731598,-0.006170435823725655,0.5195003545519009,0.8523126287462992,4.0,38.0,
