network,mu,realization,algorithm,algorithm_type,success,runtime,num_detected,num_true,ami,nmi,ari,modularity,coverage,conductance,num_communities,num_true_communities,error
mu0.1_r0,0.1,0,louvain,classical,True,0.03279304504394531,31.0,31.0,1.0000000000000002,1.0000000000000002,1.0,0.8596984846301746,0.8993770314192849,0.10095538528387168,31.0,31.0,
mu0.1_r0,0.1,0,leiden,classical,True,0.022153854370117188,31.0,31.0,1.0,1.0,1.0,0.8596984846301746,0.8993770314192849,0.1009553852838717,31.0,31.0,
mu0.1_r0,0.1,0,walktrap,classical,True,0.07348012924194336,31.0,31.0,1.0000000000000002,1.0000000000000002,1.0,0.8596984846301746,0.8993770314192849,0.10095538528387168,31.0,31.0,
mu0.1_r0,0.1,0,fastgreedy,classical,True,0.010415792465209961,27.0,31.0,0.9536903777521807,0.9599166638654957,0.8696293998600267,0.8438648863344246,0.8901679306608884,0.10894543510425994,27.0,31.0,
mu0.1_r0,0.1,0,label_propagation,classical,True,0.008416175842285156,31.0,31.0,1.0000000000000002,1.0000000000000002,1.0,0.8596984846301746,0.8993770314192849,0.10095538528387168,31.0,31.0,
mu0.1_r0,0.1,0,spectral,classical,True,0.11396503448486328,22.0,31.0,0.9245011295556119,0.9329835959955232,0.7417964035758293,0.8403350935788076,0.9049295774647887,0.0961069760104809,22.0,31.0,
mu0.1_r0,0.1,0,spinglass,classical,True,2.2990429401397705,25.0,31.0,0.9541129337530425,0.9599036865188608,0.8590023173428356,0.8496214454931104,0.8974810400866738,0.10324895522221521,25.0,31.0,
mu0.1_r0,0.1,0,leading_eigen,classical,True,0.042534828186035156,29.0,31.0,0.5736913744411749,0.6249243898988791,0.32779713112106684,0.5125435555662502,0.6076652221018418,0.570186608333894,29.0,31.0,
mu0.1_r0,0.1,0,sbm,classical,True,1.2714710235595703,31.0,31.0,1.0000000000000002,1.0000000000000002,1.0,0.8596984846301746,0.8993770314192849,0.10095538528387168,31.0,31.0,
mu0.1_r0,0.1,0,nested_sbm,classical,True,0.6753499507904053,37.0,31.0,0.973611013765482,0.9781382598906487,0.9279355011405283,0.6862964721091781,0.718445287107259,0.3056912443082361,37.0,31.0,
mu0.1_r0,0.1,0,em,classical,True,1.0343868732452393,50.0,31.0,0.6766286882675346,0.7351790286934864,0.41218085947176464,0.30894055945389814,0.4004604550379198,0.7598157630655618,50.0,31.0,
mu0.1_r0,0.1,0,cpm,classical,True,0.034956932067871094,31.0,31.0,1.0,1.0,1.0,0.8596984846301746,0.8993770314192849,0.1009553852838717,31.0,31.0,
mu0.1_r0,0.1,0,rb_pots,classical,True,0.03439474105834961,31.0,31.0,1.0,1.0,1.0,0.8596984846301746,0.8993770314192849,0.1009553852838717,31.0,31.0,
mu0.1_r0,0.1,0,rber_pots,classical,True,0.03458213806152344,31.0,31.0,1.0,1.0,1.0,0.8596984846301746,0.8993770314192849,0.1009553852838717,31.0,31.0,
mu0.1_r0,0.1,0,scan,classical,True,0.049035072326660156,31.0,31.0,0.9085840349014755,0.9308317336669035,0.865910793473948,0.7659393417761339,0.800650054171181,0.14373217622191167,31.0,31.0,
mu0.1_r0,0.1,0,agdl,classical,True,0.9488768577575684,5.0,31.0,0.1577521882025093,0.17949022183518207,0.02109360959926533,0.17316438084922572,0.7787107258938245,0.5747255064025125,5.0,31.0,
mu0.1_r0,0.1,0,async_fluid,classical,True,0.03287911415100098,22.0,31.0,0.9185756625261708,0.9277701737471422,0.7379176547605303,0.8234776423563466,0.8786565547128927,0.13184841213418777,22.0,31.0,
mu0.1_r0,0.1,0,gdmp2,classical,True,2.4382970333099365,3.0,31.0,0.014011456595048787,0.6606787894267642,0.004895975742756477,0.0038592106120345707,0.0058234019501625135,0.8680887396501499,3.0,31.0,
mu0.1_r0,0.1,0,der,classical,True,0.6215150356292725,2.0,31.0,0.33203273974625097,0.33703239644526456,0.06656554079719033,0.44241652620112704,0.9458288190682557,0.059049306170652495,2.0,31.0,
mu0.1_r0,0.1,0,surprise,classical,True,0.036492109298706055,31.0,31.0,1.0,1.0,1.0,0.8596984846301746,0.8993770314192849,0.1009553852838717,31.0,31.0,
mu0.1_r0,0.1,0,score,classical,True,0.034384965896606445,22.0,31.0,0.8159049287836007,0.8370501335485411,0.5648796502524874,0.7455557200922847,0.8282773564463706,0.17609393221167538,22.0,31.0,
mu0.1_r0,0.1,0,svt,classical,True,2.008195161819458,50.0,31.0,0.9053629432241453,0.925544656784884,0.7388022454347812,0.4944610994578187,0.5188244853737811,0.5522973808610725,50.0,31.0,
mu0.1_r0,0.1,0,teamcs,classical,True,0.523688793182373,31.0,31.0,1.0,1.0,1.0,0.8596984846301746,0.8993770314192849,0.10095538528387171,31.0,31.0,
mu0.1_r0,0.1,0,simnet,classical,True,1.6293561458587646,45.0,31.0,0.9607880538289847,0.968140787563522,0.9252484743548384,0.6820496943553982,0.7160075839653305,0.44793215715355705,45.0,31.0,
mu0.1_r0,0.1,0,tusk,classical,True,0.28958702087402344,30.0,31.0,0.9902874269992575,0.9917157217769641,0.951825524878347,0.8569727953415132,0.899783315276273,0.10068012457318404,30.0,31.0,
mu0.1_r0,0.1,0,bigs2,classical,True,0.05658698081970215,18.0,31.0,0.6024890023434526,0.6397776466411856,0.4371963117904644,0.5174734888412063,0.5781419284940412,0.431656080015445,18.0,31.0,
mu0.1_r0,0.1,0,csbio_iitm2,classical,True,2.5841269493103027,31.0,31.0,1.0,1.0,1.0,0.8596984846301746,0.8993770314192849,0.1009553852838717,31.0,31.0,
mu0.1_r0,0.1,0,angel,classical,True,0.6158769130706787,31.0,31.0,0.9805925038408161,0.9835250204072971,0.9693588672137021,0.0,0.8625406283856988,0.13326387180608953,31.0,31.0,
mu0.1_r0,0.1,0,demon,classical,True,0.4367959499359131,31.0,31.0,0.9809538000037035,0.9838319040334617,0.9707513712941052,0.0,0.8640303358613218,0.1323453151512277,31.0,31.0,
mu0.1_r0,0.1,0,kclique,classical,True,0.10477113723754883,32.0,31.0,0.9809538000037035,0.9838319040334617,0.9707513712941052,0.0,0.8640303358613218,0.15763913570323723,32.0,31.0,
mu0.1_r0,0.1,0,dmon,gnn,True,1.635324239730835,12.0,31.0,0.003354472569577293,0.06714057990547433,0.0018820960239455536,0.0011948160439426171,0.14287648970747563,0.9174190572883375,12.0,31.0,
mu0.1_r0,0.1,0,mincut,gnn,True,1.449052095413208,5.0,31.0,0.00807547727572303,0.03447289887334737,0.0018433218923155383,0.00512760966582895,0.4423076923076923,0.8336202991242256,5.0,31.0,
mu0.2_r0,0.2,0,louvain,classical,True,0.03503704071044922,29.0,29.0,1.0,1.0,1.0,0.7612109465702375,0.8001547189272821,0.19963191788313323,29.0,29.0,
mu0.2_r0,0.2,0,leiden,classical,True,0.02476811408996582,29.0,29.0,1.0,1.0,1.0,0.7612109465702375,0.8001547189272821,0.19963191788313323,29.0,29.0,
mu0.2_r0,0.2,0,walktrap,classical,True,0.08142471313476562,29.0,29.0,1.0,1.0,1.0,0.7612109465702375,0.8001547189272821,0.19963191788313323,29.0,29.0,
mu0.2_r0,0.2,0,fastgreedy,classical,True,0.013393878936767578,15.0,29.0,0.8259214605476429,0.8388436153080683,0.5707958227418005,0.7137877052579168,0.7935791645177926,0.21120039668921817,15.0,29.0,
mu0.2_r0,0.2,0,label_propagation,classical,True,0.009819984436035156,29.0,29.0,1.0,1.0,1.0,0.7612109465702375,0.8001547189272821,0.19963191788313323,29.0,29.0,
mu0.2_r0,0.2,0,spectral,classical,True,0.13137507438659668,22.0,29.0,0.9382043635136332,0.9447753552906818,0.7833675326263874,0.7494822089192257,0.808019597730789,0.1939852366314897,22.0,29.0,
mu0.2_r0,0.2,0,spinglass,classical,True,2.1863889694213867,25.0,29.0,0.9605936709571744,0.9653067844610301,0.899892705780888,0.7513814771760989,0.7953842186694172,0.20448945882208439,25.0,29.0,
mu0.2_r0,0.2,0,leading_eigen,classical,True,0.03680729866027832,29.0,29.0,0.5345683820434127,0.5918782615641541,0.19624479779918694,0.37438838546796427,0.5216606498194946,0.6491818278209355,29.0,29.0,
mu0.2_r0,0.2,0,sbm,classical,True,0.3243439197540283,29.0,29.0,1.0,1.0,1.0,0.7612109465702375,0.8001547189272821,0.19963191788313323,29.0,29.0,
mu0.2_r0,0.2,0,nested_sbm,classical,True,0.9203507900238037,30.0,29.0,0.9960934138842444,0.9966369891545959,0.9919336619377368,0.7392860401077633,0.7774626095925735,0.23931900362722983,30.0,29.0,
mu0.2_r0,0.2,0,em,classical,True,1.1095433235168457,10.0,29.0,0.4356612867131764,0.46364592155086637,0.18587630123752635,0.25994964121007913,0.3847343991748324,0.6301849541169003,10.0,29.0,
mu0.2_r0,0.2,0,cpm,classical,True,0.0378413200378418,30.0,29.0,0.9985423400760292,0.9987423501654072,0.9972079538863167,0.7601481765535262,0.7989943269726664,0.22220890047485142,30.0,29.0,
mu0.2_r0,0.2,0,rb_pots,classical,True,0.037978172302246094,29.0,29.0,1.0,1.0,1.0,0.7612109465702375,0.8001547189272821,0.1996319178831332,29.0,29.0,
mu0.2_r0,0.2,0,rber_pots,classical,True,0.03764796257019043,29.0,29.0,1.0,1.0,1.0,0.7612109465702375,0.8001547189272821,0.19963191788313323,29.0,29.0,
mu0.2_r0,0.2,0,scan,classical,True,0.046463966369628906,30.0,29.0,0.6980797041040083,0.81521725825777,0.5800346506332366,0.48902578974610084,0.5136668385765859,0.3703667501453036,30.0,29.0,
mu0.2_r0,0.2,0,agdl,classical,True,0.7665042877197266,1.0,29.0,0.0,0.0,0.0,0.0,1.0,1.0,1.0,29.0,
mu0.2_r0,0.2,0,async_fluid,classical,True,0.028316974639892578,22.0,29.0,0.94512931935878,0.9509759197335311,0.8178736871846148,0.7515748924587755,0.8038937596699329,0.197983979338826,22.0,29.0,
mu0.2_r0,0.2,0,gdmp2,classical,True,2.4411821365356445,4.0,29.0,0.024763959915659134,0.6541945576197832,0.008594518075306123,0.007580033864214924,0.009798865394533264,0.8346535440193326,4.0,29.0,
mu0.2_r0,0.2,0,der,classical,True,0.7400219440460205,2.0,29.0,0.33874718950403165,0.3434245811453377,0.07118366659572738,0.3926089778337275,0.8974987106756059,0.11375017885248247,2.0,29.0,
mu0.2_r0,0.2,0,surprise,classical,True,0.04061007499694824,29.0,29.0,1.0,1.0,1.0,0.7612109465702375,0.8001547189272821,0.1996319178831332,29.0,29.0,
mu0.2_r0,0.2,0,score,classical,True,0.04085183143615723,22.0,29.0,0.8904344973994852,0.902429171999328,0.5810907013202966,0.709645833760005,0.7943527591542032,0.20795588958930109,22.0,29.0,
mu0.2_r0,0.2,0,svt,classical,True,1.8721859455108643,50.0,29.0,0.904179118534973,0.9237616872175206,0.7247257489225227,0.4260936433182143,0.4495874161939144,0.6342629551074643,50.0,29.0,
mu0.2_r0,0.2,0,teamcs,classical,True,0.060559988021850586,29.0,29.0,1.0,1.0,1.0,0.7612109465702375,0.8001547189272821,0.1996319178831332,29.0,29.0,
mu0.2_r0,0.2,0,simnet,classical,True,1.042003870010376,35.0,29.0,0.9801592141205974,0.9832000459276155,0.9588607341627775,0.7104905024867536,0.7467766890149562,0.35307122945046177,35.0,29.0,
mu0.2_r0,0.2,0,tusk,classical,True,0.29751086235046387,27.0,29.0,0.9772940552211015,0.9801997050781329,0.886209695791571,0.7543087223094479,0.8042805569881382,0.19813540157235182,27.0,29.0,
mu0.2_r0,0.2,0,bigs2,classical,True,0.052240848541259766,19.0,29.0,0.6398487455530338,0.6735007446758193,0.4791862394883768,0.49174174094301143,0.5498968540484785,0.4405757516214509,19.0,29.0,
mu0.2_r0,0.2,0,csbio_iitm2,classical,True,2.789301872253418,29.0,29.0,1.0,1.0,1.0,0.7612109465702375,0.8001547189272821,0.1996319178831332,29.0,29.0,
mu0.2_r0,0.2,0,angel,classical,True,0.5984518527984619,34.0,29.0,0.9154791404091613,0.926934902058751,0.8763435823164172,0.0,0.6802475502836514,0.3873578941279629,34.0,29.0,
mu0.2_r0,0.2,0,demon,classical,True,0.4092090129852295,28.0,29.0,0.7816383625715597,0.8066365209141432,0.4463083363777481,0.0,0.6544610624033007,0.3043820310482444,28.0,29.0,
mu0.2_r0,0.2,0,kclique,classical,True,0.13754606246948242,23.0,29.0,0.7778061779361435,0.7982225997182054,0.39122672113934354,0.0,0.7265342960288809,0.41614562439947383,23.0,29.0,
mu0.2_r0,0.2,0,dmon,gnn,True,1.9232370853424072,13.0,29.0,-0.0002974123546578715,0.06003326107576245,-5.463918658542402e-05,-0.003588173497448353,0.1627127385250129,0.9244064628320328,13.0,29.0,
mu0.2_r0,0.2,0,mincut,gnn,True,1.5889570713043213,3.0,29.0,0.002202593061386807,0.016611010714463723,0.0014258866640585674,0.0009703761928079556,0.6409231562661165,0.8523286270427205,3.0,29.0,
mu0.3_r0,0.3,0,louvain,classical,True,0.04732799530029297,30.0,30.0,1.0000000000000002,1.0000000000000002,1.0,0.6641432174954527,0.7000933457794373,0.29971054198190067,30.0,30.0,
mu0.3_r0,0.3,0,leiden,classical,True,0.027019977569580078,30.0,30.0,1.0,1.0,1.0,0.6641432174954527,0.7000933457794373,0.29971054198190067,30.0,30.0,
mu0.3_r0,0.3,0,walktrap,classical,True,0.0803070068359375,30.0,30.0,1.0000000000000002,1.0000000000000002,1.0,0.6641432174954527,0.7000933457794373,0.29971054198190067,30.0,30.0,
mu0.3_r0,0.3,0,fastgreedy,classical,True,0.016612768173217773,11.0,30.0,0.7475694680435782,0.7618260586011393,0.4325408365083148,0.5974822957680751,0.7018269102547007,0.3062265732935248,11.0,30.0,
mu0.3_r0,0.3,0,label_propagation,classical,True,0.00921773910522461,30.0,30.0,1.0000000000000002,1.0000000000000002,1.0,0.6641432174954527,0.7000933457794373,0.29971054198190067,30.0,30.0,
mu0.3_r0,0.3,0,spectral,classical,True,0.1441049575805664,22.0,30.0,0.91763006011135,0.9266999810642267,0.7084005088886517,0.6474766578202782,0.7098279770636085,0.2944765735802321,22.0,30.0,
mu0.3_r0,0.3,0,spinglass,classical,True,1.975295066833496,25.0,30.0,0.9558617381788211,0.9613092136788601,0.8717367378668628,0.6566171573465429,0.6996932924389919,0.3015877607562683,25.0,30.0,
mu0.3_r0,0.3,0,leading_eigen,classical,True,0.03911614418029785,24.0,30.0,0.5369617278875635,0.5898748375526017,0.23308864567524448,0.38733216169054574,0.5078010401386852,0.6116987239286613,24.0,30.0,
mu0.3_r0,0.3,0,sbm,classical,True,0.38575196266174316,30.0,30.0,1.0000000000000002,1.0000000000000002,1.0,0.6641432174954527,0.7000933457794373,0.29971054198190067,30.0,30.0,
mu0.3_r0,0.3,0,nested_sbm,classical,True,0.930311918258667,30.0,30.0,1.0000000000000002,1.0000000000000002,1.0,0.6641432174954527,0.7000933457794373,0.29971054198190067,30.0,30.0,
mu0.3_r0,0.3,0,em,classical,True,1.142888069152832,5.0,30.0,0.24426766206002687,0.2626901463159383,0.0754013958165519,0.19526636089150243,0.4067208961194826,0.6010660770529859,5.0,30.0,
mu0.3_r0,0.3,0,cpm,classical,True,0.04195523262023926,32.0,30.0,0.9959867570638301,0.9965809317934373,0.9920057165491735,0.6612044961108829,0.6968929190558741,0.33378429453136943,32.0,30.0,
mu0.3_r0,0.3,0,rb_pots,classical,True,0.041835784912109375,30.0,30.0,1.0,1.0,1.0,0.6641432174954527,0.7000933457794373,0.29971054198190067,30.0,30.0,
mu0.3_r0,0.3,0,rber_pots,classical,True,0.04034304618835449,30.0,30.0,1.0,1.0,1.0,0.6641432174954527,0.7000933457794373,0.29971054198190067,30.0,30.0,
mu0.3_r0,0.3,0,scan,classical,True,0.03506588935852051,24.0,30.0,0.24402485000112673,0.6929346360128422,0.1257305756516493,0.11136359720167872,0.11881584211228163,0.7187760623188204,24.0,30.0,
mu0.3_r0,0.3,0,agdl,classical,True,0.8122479915618896,1.0,30.0,0.0,0.0,0.0,0.0,1.0,1.0,1.0,30.0,
mu0.3_r0,0.3,0,async_fluid,classical,True,0.03494524955749512,22.0,30.0,0.9213752763197827,0.9299910223388456,0.76475418598561,0.6407498330088053,0.6934257901053473,0.3240697770996767,22.0,30.0,
mu0.3_r0,0.3,0,gdmp2,classical,True,2.5239150524139404,38.0,30.0,0.16310834885162123,0.6790173065925296,0.05674761301270532,0.05470578723738264,0.060274703293772505,0.8697240528875589,38.0,30.0,
mu0.3_r0,0.3,0,der,classical,True,0.8088319301605225,2.0,30.0,0.3333874150319349,0.3382158347312705,0.06748845526423447,0.3506875993476021,0.8507801040138685,0.15127754495065568,2.0,30.0,
mu0.3_r0,0.3,0,surprise,classical,True,0.04219317436218262,30.0,30.0,1.0,1.0,1.0,0.6641432174954527,0.7000933457794373,0.29971054198190067,30.0,30.0,
mu0.3_r0,0.3,0,score,classical,True,0.03687405586242676,22.0,30.0,0.888522522863394,0.9010798514794118,0.5892653547239471,0.6267880834571338,0.6979597279637285,0.3043539943398605,22.0,30.0,
mu0.3_r0,0.3,0,svt,classical,True,1.7830288410186768,50.0,30.0,0.9049158709127512,0.9247491565244147,0.7551173101423732,0.37486875833788996,0.39751966928923854,0.6647488309497311,50.0,30.0,
mu0.3_r0,0.3,0,teamcs,classical,True,0.07083916664123535,30.0,30.0,1.0,1.0,1.0,0.6641432174954527,0.7000933457794373,0.29971054198190067,30.0,30.0,
mu0.3_r0,0.3,0,simnet,classical,True,1.4142589569091797,51.0,30.0,0.9434253751194261,0.9547498383506738,0.9086720590978791,0.5238182177679698,0.5535404720629418,0.6397343503008097,51.0,30.0,
mu0.3_r0,0.3,0,tusk,classical,True,0.3150169849395752,26.0,30.0,0.9608585530979461,0.9658464461975461,0.8319760922472452,0.6568614269251991,0.7066275503400453,0.2966643208804915,26.0,30.0,
mu0.3_r0,0.3,0,bigs2,classical,True,0.06177997589111328,20.0,30.0,0.5751640008558244,0.6177762945363371,0.3982585164933492,0.40676445440091663,0.4663288438458461,0.5629986465341957,20.0,30.0,
mu0.3_r0,0.3,0,csbio_iitm2,classical,True,2.970837116241455,30.0,30.0,1.0000000000000002,1.0000000000000002,1.0,0.6641432174954527,0.7000933457794373,0.29971054198190067,30.0,30.0,
mu0.3_r0,0.3,0,angel,classical,True,0.542384147644043,38.0,30.0,0.8465924484537054,0.8685816200750676,0.7862596714335935,0.0,0.5315375383384451,0.5456457843639078,38.0,30.0,
mu0.3_r0,0.3,0,demon,classical,True,0.3595001697540283,32.0,30.0,0.6324866609585877,0.674343984378327,0.29991986539222987,0.0,0.5100680090678757,0.4277065614005382,32.0,30.0,
mu0.3_r0,0.3,0,kclique,classical,True,0.08815217018127441,18.0,30.0,0.25658405476860907,0.29232212238997574,0.021353231395099502,0.0,0.9019869315908788,0.7134409884105233,18.0,30.0,
mu0.3_r0,0.3,0,dmon,gnn,True,2.170034170150757,13.0,30.0,0.00175452676782797,0.06304925691277588,0.00119754799827541,-0.011488005486120646,0.13455127350313376,0.9287681904063637,13.0,30.0,
mu0.3_r0,0.3,0,mincut,gnn,True,1.5779578685760498,5.0,30.0,4.592052253033263e-05,0.02351818921543174,-0.0003075579328476894,-0.0050225125807324,0.5998133084411255,0.9092585505923345,5.0,30.0,
mu0.4_r0,0.4,0,louvain,classical,True,0.05136299133300781,28.0,31.0,0.9807746061095387,0.9834431023323911,0.9363144142213999,0.5614366874024254,0.603046478323135,0.39797296041857494,28.0,31.0,
mu0.4_r0,0.4,0,leiden,classical,True,0.029865026473999023,28.0,31.0,0.9807746061095386,0.983443102332391,0.9363144142213999,0.5614366874024254,0.603046478323135,0.39797296041857483,28.0,31.0,
mu0.4_r0,0.4,0,walktrap,classical,True,0.08565282821655273,31.0,31.0,1.0,1.0,1.0,0.5612609095453639,0.5991407368832183,0.4014580317178051,31.0,31.0,
mu0.4_r0,0.4,0,fastgreedy,classical,True,0.020883798599243164,11.0,31.0,0.6841715430338603,0.7029413484784222,0.32561953560743945,0.48290516482481427,0.6268715011066267,0.4063392160777575,11.0,31.0,
mu0.4_r0,0.4,0,label_propagation,classical,True,0.010625123977661133,28.0,31.0,0.9576257282657399,0.9635562282047744,0.7412674105916228,0.5477947374985976,0.6128108319229267,0.39902359146625216,28.0,31.0,
mu0.4_r0,0.4,0,spectral,classical,True,0.14307403564453125,22.0,31.0,0.8829764815909747,0.8962096479410957,0.6486482338290589,0.5341147437781579,0.60656164561906,0.3989856563811559,22.0,31.0,
mu0.4_r0,0.4,0,spinglass,classical,True,2.2976722717285156,25.0,31.0,0.9559392489413037,0.9615010075542494,0.8777391397740886,0.5586107242273143,0.6034370524671266,0.39763080439209764,25.0,31.0,
mu0.4_r0,0.4,0,leading_eigen,classical,True,0.04039311408996582,23.0,31.0,0.395008255526826,0.46041137585696396,0.1954981035598784,0.2623400742275626,0.33211821377424816,0.7268065163748586,23.0,31.0,
mu0.4_r0,0.4,0,sbm,classical,True,0.5806231498718262,31.0,31.0,1.0,1.0,1.0,0.5612609095453639,0.5991407368832183,0.4014580317178051,31.0,31.0,
mu0.4_r0,0.4,0,nested_sbm,classical,True,1.414383888244629,31.0,31.0,1.0,1.0,1.0,0.5612609095453639,0.5991407368832183,0.4014580317178051,31.0,31.0,
mu0.4_r0,0.4,0,em,classical,True,1.1449790000915527,10.0,31.0,0.19893348810270772,0.24139272801492176,0.06272866019313993,0.09923141829060259,0.2129930998567895,0.8115043441099431,10.0,31.0,
mu0.4_r0,0.4,0,cpm,classical,True,0.04521322250366211,63.0,31.0,0.9386289444781722,0.9508576024267679,0.8936327888686993,0.5291832176478697,0.563468298398646,0.6478157639157595,63.0,31.0,
mu0.4_r0,0.4,0,rb_pots,classical,True,0.044393301010131836,28.0,31.0,0.9807746061095386,0.983443102332391,0.9363144142213999,0.5614366874024254,0.603046478323135,0.39797296041857494,28.0,31.0,
mu0.4_r0,0.4,0,rber_pots,classical,True,0.041996002197265625,31.0,31.0,1.0,1.0,1.0,0.5612609095453639,0.5991407368832183,0.40145803171780514,31.0,31.0,
mu0.4_r0,0.4,0,scan,classical,True,0.028795957565307617,6.0,31.0,0.02839703657572751,0.6618907776945093,0.008004840625819475,0.007300014317492489,0.00924358807446947,0.8502647014179249,6.0,31.0,
mu0.4_r0,0.4,0,agdl,classical,True,0.769536018371582,1.0,31.0,0.0,0.0,0.0,0.0,1.0,1.0,1.0,31.0,
mu0.4_r0,0.4,0,async_fluid,classical,True,0.04203605651855469,22.0,31.0,0.8920946851828626,0.9042858970859919,0.7396619236879041,0.5279305768908756,0.5796120296836349,0.43436183637138515,22.0,31.0,
mu0.4_r0,0.4,0,gdmp2,classical,True,2.5045411586761475,36.0,31.0,0.14506523928951845,0.6779100437950196,0.055623133173466004,0.04911412655134489,0.05455018877750293,0.883001506797075,36.0,31.0,
mu0.4_r0,0.4,0,der,classical,True,0.9019861221313477,2.0,31.0,0.31816937905224624,0.32327155422240605,0.06617105139938712,0.2912163988731708,0.7933862778284078,0.22118466898954703,2.0,31.0,
mu0.4_r0,0.4,0,surprise,classical,True,0.048558712005615234,34.0,31.0,0.993987682182628,0.9949229512373159,0.989866802969234,0.5586344030920088,0.5961463351126155,0.4415577033173535,34.0,31.0,
mu0.4_r0,0.4,0,score,classical,True,0.04290938377380371,22.0,31.0,0.8639087089497961,0.8794000539626606,0.6129892917470674,0.5249463619475322,0.6001822679338628,0.4056222280940023,22.0,31.0,
mu0.4_r0,0.4,0,svt,classical,True,1.7831621170043945,50.0,31.0,0.8761543158517775,0.9019599573497094,0.7375490272712933,0.333764928808061,0.35607342793907043,0.6900343578812754,50.0,31.0,
mu0.4_r0,0.4,0,teamcs,classical,True,0.06090998649597168,31.0,31.0,1.0,1.0,1.0,0.5612609095453639,0.5991407368832183,0.40145803171780514,31.0,31.0,
mu0.4_r0,0.4,0,simnet,classical,True,1.5777511596679688,53.0,31.0,0.9317763044338764,0.946431451314687,0.8817927628674522,0.437373589482489,0.4654341882567374,0.6844803298839511,53.0,31.0,
mu0.4_r0,0.4,0,tusk,classical,True,0.2868921756744385,27.0,31.0,0.9562466699800166,0.9621232607057485,0.801599139543109,0.5515514902336718,0.608644707720349,0.39806594426767783,27.0,31.0,
mu0.4_r0,0.4,0,bigs2,classical,True,0.06109619140625,20.0,31.0,0.4405973920465274,0.49830485912618927,0.28978375031661335,0.2545157688272272,0.3111574013800286,0.6987023337373705,20.0,31.0,
mu0.4_r0,0.4,0,csbio_iitm2,classical,True,3.49229097366333,31.0,31.0,1.0,1.0,1.0,0.5612609095453639,0.5991407368832183,0.401458031717805,31.0,31.0,
mu0.4_r0,0.4,0,angel,classical,True,0.6802639961242676,72.0,31.0,0.7608437679436929,0.7998758619894129,0.644171954832817,0.0,0.38172113006118996,0.7791530245923239,72.0,31.0,
mu0.4_r0,0.4,0,demon,classical,True,0.32399511337280273,33.0,31.0,0.36378184471553854,0.4328406102797778,0.08508814983329589,0.0,0.43991667751594843,0.5260712717931145,33.0,31.0,
mu0.4_r0,0.4,0,kclique,classical,True,0.07363414764404297,25.0,31.0,0.07375103934196574,0.09685840135302651,0.0047687181238658645,0.0,0.9714880874886083,0.8489422878880226,25.0,31.0,
mu0.4_r0,0.4,0,dmon,gnn,True,1.9621851444244385,12.0,31.0,0.00806552717456748,0.06089522904611031,0.002295515488651268,-0.0010696846614229518,0.3895326129410233,0.9296440961671162,12.0,31.0,
mu0.4_r0,0.4,0,mincut,gnn,True,1.6776418685913086,3.0,31.0,0.005648479510907062,0.021473166355734867,0.0024086222676771305,-0.0015836278939466856,0.7161827886993881,0.89492702918933,3.0,31.0,
mu0.5_r0,0.5,0,louvain,classical,True,0.04402303695678711,26.0,30.0,0.9726694825923253,0.9761397324922207,0.9168901060476529,0.464985905030839,0.506452025041523,0.49511536122679184,26.0,30.0,
mu0.5_r0,0.5,0,leiden,classical,True,0.035597801208496094,26.0,30.0,0.9728323986410634,0.9762812837314969,0.9178166140414763,0.46521630913711515,0.5067075507857417,0.4948442247724398,26.0,30.0,
mu0.5_r0,0.5,0,walktrap,classical,True,0.0912470817565918,30.0,30.0,0.990275216118384,0.9916665740134433,0.985985506653418,0.46289100690903806,0.49955282994761724,0.5000550896603869,30.0,30.0,
mu0.5_r0,0.5,0,fastgreedy,classical,True,0.023084163665771484,6.0,30.0,0.5361671581970676,0.5502418174598437,0.22764273990685327,0.3748312757177463,0.5578126996294877,0.4589954507303044,6.0,30.0,
mu0.5_r0,0.5,0,label_propagation,classical,True,0.009545087814331055,25.0,30.0,0.9399800777547482,0.9474189154238982,0.7023578312393971,0.45077448508028534,0.5146288488565223,0.4958524319763394,25.0,30.0,
mu0.5_r0,0.5,0,spectral,classical,True,0.15606403350830078,22.0,30.0,0.8350319716445828,0.853152173219864,0.6150259301424416,0.42970991821037824,0.4953366551680082,0.5039506976115602,22.0,30.0,
mu0.5_r0,0.5,0,spinglass,classical,True,2.533808946609497,24.0,30.0,0.9382852795338712,0.9453931849812172,0.8237951943875904,0.459351222845105,0.5088795196116008,0.5149670099925626,24.0,30.0,
mu0.5_r0,0.5,0,leading_eigen,classical,True,0.03313422203063965,10.0,30.0,0.30958850671281196,0.3458295585950397,0.12183556159728029,0.24120858159722655,0.3691069375239555,0.6469873377399116,10.0,30.0,
mu0.5_r0,0.5,0,sbm,classical,True,0.695080041885376,30.0,30.0,0.9956148722538063,0.9962423055278131,0.9929272033064013,0.4635373218495944,0.5001916443081641,0.49953845061143576,30.0,30.0,
mu0.5_r0,0.5,0,nested_sbm,classical,True,1.745284080505371,30.0,30.0,0.9984689294448584,0.998687997600226,0.998136443156187,0.46390164273149154,0.5005749329244922,0.4992471536222929,30.0,30.0,
mu0.5_r0,0.5,0,em,classical,True,1.1697280406951904,5.0,30.0,0.1258096180217271,0.14730983805359416,0.03783744618263574,0.07874574925644277,0.2970486776542737,0.7239453020852255,5.0,30.0,
mu0.5_r0,0.5,0,cpm,classical,True,0.051586151123046875,87.0,30.0,0.8752091752505202,0.904184319092565,0.7882609120085919,0.41315984353022905,0.4429538776031685,0.7563163104860754,87.0,30.0,
mu0.5_r0,0.5,0,rb_pots,classical,True,0.04639625549316406,26.0,30.0,0.97322775776901,0.976627184821465,0.9201474294132398,0.4650913702048135,0.506452025041523,0.4950614470523288,26.0,30.0,
mu0.5_r0,0.5,0,rber_pots,classical,True,0.04762411117553711,25.0,30.0,0.965980967547768,0.9701512496236772,0.8990445963690354,0.46394262250540624,0.5088795196116008,0.49301347497589704,25.0,30.0,
mu0.5_r0,0.5,0,scan,classical,False,0.0284881591796875,,,,,,,,,,,
mu0.5_r0,0.5,0,agdl,classical,True,0.7614462375640869,1.0,30.0,0.0,0.0,0.0,0.0,1.0,1.0,1.0,30.0,
mu0.5_r0,0.5,0,async_fluid,classical,True,0.0549468994140625,22.0,30.0,0.8808314887592679,0.8939249003912444,0.7455695672697388,0.4417694062490262,0.49252587198160214,0.5102689856008629,22.0,30.0,
mu0.5_r0,0.5,0,gdmp2,classical,True,2.562919855117798,35.0,30.0,0.058739904506821504,0.6618472335663761,0.013579823827001337,0.012517790616746658,0.014948256036795707,0.9342275302047205,35.0,30.0,
mu0.5_r0,0.5,0,der,classical,True,0.9975259304046631,2.0,30.0,0.26503703752103963,0.27038928515090693,0.059904047521817626,0.2477779960209872,0.7488181934329884,0.26318607764390894,2.0,30.0,
mu0.5_r0,0.5,0,surprise,classical,True,0.056344032287597656,46.0,30.0,0.961733358041967,0.968331824914762,0.924764010644506,0.4481136808473661,0.48217707934074355,0.6259064488941845,46.0,30.0,
mu0.5_r0,0.5,0,score,classical,True,0.04348611831665039,22.0,30.0,0.8206045753274808,0.8405946892566443,0.5777012348261255,0.4202661084994565,0.4912482432605085,0.5117310612308047,22.0,30.0,
mu0.5_r0,0.5,0,svt,classical,True,1.6704089641571045,50.0,30.0,0.7847431814940894,0.8288373348013544,0.6340298996050111,0.25365304771908176,0.2766066181167753,0.7693860643738261,50.0,30.0,
mu0.5_r0,0.5,0,teamcs,classical,True,0.060244083404541016,29.0,30.0,0.993308835255675,0.9942395162645997,0.9770589550896458,0.4633721132091678,0.5022358502619139,0.4982737071214175,29.0,30.0,
mu0.5_r0,0.5,0,simnet,classical,True,1.1796400547027588,42.0,30.0,0.9418944485879832,0.9530867253808596,0.9347526688728829,0.408888912068048,0.4423150632426217,0.6776702454403676,42.0,30.0,
mu0.5_r0,0.5,0,tusk,classical,True,0.23026704788208008,26.0,30.0,0.9470613493052104,0.9537673829588694,0.8077914135193686,0.4573055396280453,0.5072186022741791,0.4963388331261356,26.0,30.0,
mu0.5_r0,0.5,0,bigs2,classical,True,0.06429409980773926,20.0,30.0,0.3554715947445047,0.4199383346943272,0.2147214785204517,0.16793176721549202,0.2220518717260764,0.7896475783306227,20.0,30.0,
mu0.5_r0,0.5,0,csbio_iitm2,classical,True,3.602541923522949,30.0,30.0,0.9983495112155029,0.9985886873309664,0.9974783247875519,0.4628846163169299,0.4994250670755079,0.4995193849447871,30.0,30.0,
mu0.5_r0,0.5,0,angel,classical,True,1.0626170635223389,238.0,30.0,0.6419957983779649,0.7280466174858531,0.49932970429452245,0.0,0.25871981602146416,0.8907872529691871,238.0,30.0,
mu0.5_r0,0.5,0,demon,classical,True,0.30167198181152344,34.0,30.0,0.3466551938842877,0.4363636848521012,0.11653946175623062,0.0,0.3100804906094289,0.6040973582872597,34.0,30.0,
mu0.5_r0,0.5,0,kclique,classical,True,0.05447506904602051,44.0,30.0,0.03649956253751407,0.09085300243817673,0.0018166165934943596,0.0,0.961160086878753,0.8891898320931385,44.0,30.0,
mu0.5_r0,0.5,0,dmon,gnn,True,2.0347602367401123,9.0,30.0,-0.0022725951079603235,0.030067961556240457,-0.00022709800728163096,-0.008597533714617463,0.48089945061964995,0.9285524448585506,9.0,30.0,
mu0.5_r0,0.5,0,mincut,gnn,True,1.7438061237335205,4.0,30.0,0.0013277242910855588,0.019068433759303536,-0.00017859085646802287,-0.00582930550554489,0.6124952088922959,0.8878808343555784,4.0,30.0,
mu0.6_r0,0.6,0,louvain,classical,True,0.07326698303222656,19.0,34.0,0.8340203833284537,0.8517937781738187,0.5736602072668454,0.3645324800008867,0.4318211360977512,0.5783704033522461,19.0,34.0,
mu0.6_r0,0.6,0,leiden,classical,True,0.041835784912109375,21.0,34.0,0.8958555983371066,0.90812481506739,0.7263291354307191,0.37185555418821614,0.4223319901208891,0.5796815003395525,21.0,34.0,
mu0.6_r0,0.6,0,walktrap,classical,True,0.09221100807189941,28.0,34.0,0.8153993308336527,0.8429730303758097,0.6341648928012666,0.3499302214756996,0.4016638502534772,0.6073120200582487,28.0,34.0,
mu0.6_r0,0.6,0,fastgreedy,classical,True,0.0249941349029541,7.0,34.0,0.3376914365006693,0.3645996964970041,0.11397415890414371,0.28285518517554137,0.4832965033147017,0.585496780489034,7.0,34.0,
mu0.6_r0,0.6,0,label_propagation,classical,True,0.011387825012207031,23.0,34.0,0.8332342799651046,0.8546681883218515,0.48167357104372677,0.3553281576034733,0.4336409723124919,0.590931777299279,23.0,34.0,
mu0.6_r0,0.6,0,spectral,classical,True,0.14928197860717773,22.0,34.0,0.6624067266180677,0.7038281355557008,0.45559768152021274,0.30506605958823907,0.35837774600285977,0.6379504440597519,22.0,34.0,
mu0.6_r0,0.6,0,spinglass,classical,True,4.0110979080200195,20.0,34.0,0.8899194089177098,0.9022769705304385,0.6712253077165709,0.36735215148717987,0.4264916157545821,0.5801059899518861,20.0,34.0,
mu0.6_r0,0.6,0,leading_eigen,classical,True,0.028208017349243164,10.0,34.0,0.221846967903498,0.2675442247051567,0.04675282304046626,0.19076054375696333,0.4318211360977512,0.7136902231620907,10.0,34.0,
mu0.6_r0,0.6,0,sbm,classical,True,0.882500171661377,32.0,34.0,0.9658059961058522,0.9715392053112863,0.9300913607744106,0.3673306923499984,0.4010139087482127,0.5991967085808927,32.0,34.0,
mu0.6_r0,0.6,0,nested_sbm,classical,True,1.7387290000915527,31.0,34.0,0.9686451330044447,0.9737675783730717,0.9236370465875932,0.36864935632980084,0.40348368646821786,0.5973942988880716,31.0,34.0,
mu0.6_r0,0.6,0,em,classical,True,1.16048002243042,5.0,34.0,0.05847681164271655,0.08397424517252443,0.015863287232815826,0.020208103277724345,0.22227999480046795,0.7801218879568268,5.0,34.0,
mu0.6_r0,0.6,0,cpm,classical,True,0.05615592002868652,90.0,34.0,0.8121087435095368,0.8645725458447328,0.7110875735407507,0.31791676250762285,0.3422591966722995,0.7603797489024224,90.0,34.0,
mu0.6_r0,0.6,0,rb_pots,classical,True,0.05337095260620117,21.0,34.0,0.8854599735661749,0.8989403984642654,0.7092218747334346,0.37025228628942436,0.4218120369166775,0.5807979320122212,21.0,34.0,
mu0.6_r0,0.6,0,rber_pots,classical,True,0.053102970123291016,22.0,34.0,0.8527335799951856,0.8707698559502466,0.6217578708527853,0.3647672632380023,0.4288314051735344,0.5833510622783421,22.0,34.0,
mu0.6_r0,0.6,0,scan,classical,False,0.026926755905151367,,,,,,,,,,,
mu0.6_r0,0.6,0,agdl,classical,True,0.761223316192627,1.0,34.0,0.0,0.0,0.0,0.0,1.0,1.0,1.0,34.0,
mu0.6_r0,0.6,0,async_fluid,classical,True,0.08461689949035645,22.0,34.0,0.5656398718396551,0.6192031142532229,0.3859032965879721,0.2903203289891873,0.33809957103860655,0.6704543490698215,22.0,34.0,
mu0.6_r0,0.6,0,gdmp2,classical,True,2.6426899433135986,21.0,34.0,0.04081830548251374,0.6774605084133427,0.013731075486981483,0.009191345533354097,0.01143897049265566,0.9342651865541407,21.0,34.0,
mu0.6_r0,0.6,0,der,classical,True,1.0735690593719482,2.0,34.0,0.18840847791078888,0.19492058414132604,0.037214724859484176,0.20552260526631888,0.7075263226309633,0.3122398001665279,2.0,34.0,
mu0.6_r0,0.6,0,surprise,classical,True,0.0677340030670166,65.0,34.0,0.8812157685756349,0.9094476506443828,0.8277455169118326,0.3414139770186834,0.36916677499025086,0.7158284698514502,65.0,34.0,
mu0.6_r0,0.6,0,score,classical,True,0.05495119094848633,22.0,34.0,0.7383654028904558,0.7704377702478263,0.5856042739023529,0.3348110174048979,0.38528532432081114,0.6142357816768912,22.0,34.0,
mu0.6_r0,0.6,0,svt,classical,True,1.6583518981933594,50.0,34.0,0.5880722668913921,0.6812970023274918,0.4488800211922325,0.1903155032178652,0.2130508254257117,0.8171383796913209,50.0,34.0,
mu0.6_r0,0.6,0,teamcs,classical,True,0.0738072395324707,33.0,34.0,0.9754751557535819,0.9796831603986333,0.9529284793799826,0.36870770152719273,0.4021838034576888,0.5985331562667038,33.0,34.0,
mu0.6_r0,0.6,0,simnet,classical,True,1.3125908374786377,40.0,34.0,0.8003568222187044,0.850556230650736,0.7123442971560815,0.2960663762541366,0.3273105420512154,0.7391208185533036,40.0,34.0,
mu0.6_r0,0.6,0,tusk,classical,True,0.24472618103027344,27.0,34.0,0.839647257638088,0.8629964406554992,0.687418609103474,0.34961661392759846,0.3939945404913558,0.6049737009838473,27.0,34.0,
mu0.6_r0,0.6,0,bigs2,classical,True,0.0685279369354248,21.0,34.0,0.26231414197413594,0.3487240283989864,0.11802571290561187,0.12950878227017024,0.18588327050565448,0.8281593722458135,21.0,34.0,
mu0.6_r0,0.6,0,csbio_iitm2,classical,True,3.988935947418213,65.0,34.0,0.9455405794041744,0.9574071846933089,0.9114416055502356,0.3479778370707068,0.377226049655531,0.7552472771525593,65.0,34.0,
mu0.6_r0,0.6,0,angel,classical,True,1.0122458934783936,515.0,34.0,0.4565453101540019,0.6866193554673322,0.29435655058121235,0.0,0.13440790328870403,0.9141910087276465,515.0,34.0,
mu0.6_r0,0.6,0,demon,classical,True,0.26291608810424805,43.0,34.0,0.21386334210890104,0.3675702711139154,0.049856174176184306,0.0,0.3213310802027817,0.6831940751832412,43.0,34.0,
mu0.6_r0,0.6,0,kclique,classical,True,0.04201221466064453,92.0,34.0,0.03699635433914299,0.175474094633021,0.001988758815010546,0.0,0.8927596516313532,0.8788714573603059,92.0,34.0,
mu0.6_r0,0.6,0,dmon,gnn,True,2.140296220779419,6.0,34.0,-0.0007326281529344264,0.031634523759746444,-0.0006729399435707716,-0.0007839005915439513,0.3166515013648772,0.8354912465677797,6.0,34.0,
mu0.6_r0,0.6,0,mincut,gnn,True,1.8637089729309082,1.0,34.0,0.0,0.0,0.0,0.0,1.0,1.0,1.0,34.0,
mu0.7_r0,0.7,0,louvain,classical,True,0.11596417427062988,14.0,31.0,0.30956221137531,0.36074628650579527,0.13715357743963574,0.2576035910738775,0.3469468154957321,0.6745429072862844,14.0,31.0,
mu0.7_r0,0.7,0,leiden,classical,True,0.054495811462402344,16.0,31.0,0.37267406266218445,0.4255187198604338,0.19974597762759477,0.25700740107151065,0.325016414970453,0.6774322085704388,16.0,31.0,
mu0.7_r0,0.7,0,walktrap,classical,True,0.09132504463195801,31.0,31.0,0.278429776465962,0.3712716966483667,0.10290499000729235,0.19162110066310875,0.29757058437294814,0.7575011926349772,31.0,31.0,
mu0.7_r0,0.7,0,fastgreedy,classical,True,0.026017189025878906,7.0,31.0,0.14288582259756258,0.1767277988507457,0.04379642188148189,0.2273725743459125,0.4769533814839133,0.6441604674565928,7.0,31.0,
mu0.7_r0,0.7,0,label_propagation,classical,True,0.008552074432373047,1.0,31.0,0.0,0.0,0.0,0.0,1.0,1.0,1.0,31.0,
mu0.7_r0,0.7,0,spectral,classical,True,0.1622326374053955,22.0,31.0,0.22746461683799993,0.3112961446678555,0.08828668543085445,0.17512565697604987,0.242284963887065,0.7673006159597029,22.0,31.0,
mu0.7_r0,0.7,0,spinglass,classical,True,5.5430967807769775,12.0,31.0,0.42547595892756,0.46214567774433857,0.20122556052535562,0.2794544582111282,0.37701904136572556,0.6388879916852535,12.0,31.0,
mu0.7_r0,0.7,0,leading_eigen,classical,True,0.031210899353027344,8.0,31.0,0.10677639402123788,0.1454478825207871,0.03054313020958218,0.16825797823609878,0.33118844386080104,0.707887855705168,8.0,31.0,
mu0.7_r0,0.7,0,sbm,classical,True,0.876924991607666,1.0,31.0,0.0,0.0,0.0,0.0,1.0,1.0,1.0,31.0,
mu0.7_r0,0.7,0,nested_sbm,classical,True,1.2720391750335693,1.0,31.0,0.0,0.0,0.0,0.0,1.0,1.0,1.0,31.0,
mu0.7_r0,0.7,0,em,classical,True,1.149528980255127,35.0,31.0,0.03226387710575294,0.1912359854262332,0.007161428770802692,0.004741367751815132,0.041891004596191724,0.9675769907132182,35.0,31.0,
mu0.7_r0,0.7,0,cpm,classical,True,0.06371212005615234,139.0,31.0,0.41323836676470654,0.6242851952060283,0.22010944516334832,0.18971403246090046,0.20275771503611292,0.8180867935732885,139.0,31.0,
mu0.7_r0,0.7,0,rb_pots,classical,True,0.06589198112487793,14.0,31.0,0.39381700672899067,0.43879643620839826,0.18830012957551817,0.2632677323715289,0.3466841759684833,0.6657572023737277,14.0,31.0,
mu0.7_r0,0.7,0,rber_pots,classical,True,0.06291460990905762,20.0,31.0,0.3507402874087207,0.41595300873550217,0.15068579620723976,0.24513951754860577,0.36520026263952726,0.6981788581553025,20.0,31.0,
mu0.7_r0,0.7,0,scan,classical,False,0.02587127685546875,,,,,,,,,,,
mu0.7_r0,0.7,0,agdl,classical,True,0.7555696964263916,1.0,31.0,0.0,0.0,0.0,0.0,1.0,1.0,1.0,31.0,
mu0.7_r0,0.7,0,async_fluid,classical,True,0.05543780326843262,22.0,31.0,0.16256575560689915,0.2576854070768324,0.0579292178592476,0.19600813785902224,0.24254760341431386,0.7576277362819273,22.0,31.0,
mu0.7_r0,0.7,0,gdmp2,classical,True,2.6842849254608154,7.0,31.0,0.005331506063929641,0.6601655769869191,0.0008060345991605271,-0.0005178551335206414,0.0009192383453709783,0.9655159783408561,7.0,31.0,
mu0.7_r0,0.7,0,der,classical,True,0.984166145324707,2.0,31.0,0.05287470045984981,0.05994706071351256,0.011177403184713719,0.15903048420606083,0.6618516086671044,0.365611245208008,2.0,31.0,
mu0.7_r0,0.7,0,surprise,classical,True,0.07737112045288086,161.0,31.0,0.3692440908133323,0.610829949849406,0.18482252190737775,0.17709771250973796,0.18870650032829941,0.8289273028933464,161.0,31.0,
mu0.7_r0,0.7,0,score,classical,True,0.06369209289550781,22.0,31.0,0.27203902467187707,0.3546205807354368,0.1445429167674593,0.08156736130481662,0.12895600787918582,0.8676527728569661,22.0,31.0,
mu0.7_r0,0.7,0,svt,classical,True,1.6113989353179932,50.0,31.0,0.16299486782855455,0.3405410488093669,0.05847615003582914,0.026761329563027667,0.048850952068286276,0.9551579796297622,50.0,31.0,
mu0.7_r0,0.7,0,teamcs,classical,True,0.2556447982788086,1.0,31.0,0.0,0.0,0.0,0.0,1.0,1.0,1.0,31.0,
mu0.7_r0,0.7,0,simnet,classical,True,0.750920295715332,28.0,31.0,0.2877077930972704,0.4186346231238606,0.13962604605135706,0.18565070753588336,0.22153644123440577,0.7791690324724951,28.0,31.0,
mu0.7_r0,0.7,0,tusk,classical,True,0.23867273330688477,21.0,31.0,0.43680713502004775,0.4961650160989809,0.2620405416949567,0.2273780582178537,0.2856204858831254,0.7240462108430034,21.0,31.0,
mu0.7_r0,0.7,0,bigs2,classical,True,0.09232783317565918,26.0,31.0,0.06904088994121427,0.1885030973777991,0.01825100701395133,-0.014287133293009055,0.037294812869336835,0.9643892948573277,26.0,31.0,
mu0.7_r0,0.7,0,csbio_iitm2,classical,True,4.7293970584869385,185.0,31.0,0.29309608441078566,0.5800426772928022,0.11310655680880224,0.15101766781100817,0.1582403151674327,0.8540505698133598,185.0,31.0,
mu0.7_r0,0.7,0,angel,classical,True,0.8835971355438232,534.0,31.0,0.21870331675902988,0.6419601755037925,0.08400029814637683,0.0,0.05948785292186474,0.9349161341957984,534.0,31.0,
mu0.7_r0,0.7,0,demon,classical,True,0.22655797004699707,51.0,31.0,0.13443402888890213,0.4261571421536106,0.04565047745292356,0.0,0.1679579776756402,0.7548373187882521,51.0,31.0,
mu0.7_r0,0.7,0,kclique,classical,True,0.030308008193969727,175.0,31.0,0.01306546313241217,0.34767476180462453,-0.0007083794398779472,0.0,0.6941562705187131,0.8839932482400679,175.0,31.0,
mu0.7_r0,0.7,0,dmon,gnn,True,2.0553181171417236,5.0,31.0,-0.003830112674937747,0.02230251936787488,-0.00020989943294330243,-0.0021752002238385366,0.3845042678923178,0.8143441974533928,5.0,31.0,
mu0.7_r0,0.7,0,mincut,gnn,True,1.792004108428955,4.0,31.0,-0.0015665488600266374,0.019627816898305096,-1.8106538068089486e-05,-0.004201154630961671,0.6010505581089954,0.8767877795812862,4.0,31.0,
