network,mu,realization,feature_distance,algorithm,algorithm_type,training,success,runtime,ami,nmi,num_detected,num_true
mu0.1_r0,0.1,0,0.5,GCN_unsup,gnn_unsupervised,global_zeroshot,True,0.004138946533203125,0.0,0.0,1,31
mu0.1_r0,0.1,0,0.5,DMoN,gnn_unsupervised,global_zeroshot,True,0.00398707389831543,0.7236716909422483,0.7698346735736966,45,31
mu0.1_r0,0.1,0,0.5,MinCut,gnn_unsupervised,global_zeroshot,True,0.005191326141357422,0.0,0.0,1,31
mu0.1_r0,0.1,0,0.5,GAT_unsup,gnn_unsupervised,global_zeroshot,True,0.0068438053131103516,0.0,0.0,1,31
mu0.1_r0,0.1,0,0.5,SAGE_unsup,gnn_unsupervised,global_zeroshot,True,0.002398252487182617,0.0,0.0,1,31
mu0.1_r0,0.1,0,0.5,GIN_unsup,gnn_unsupervised,global_zeroshot,True,0.0032629966735839844,0.6548327952652934,0.7041234235155789,32,31
mu0.1_r0,0.1,0,0.5,GCN_semisup,gnn_semisupervised,per_network,True,1.1921331882476807,1.0,1.0,31,31
mu0.1_r0,0.1,0,0.5,GAT_semisup,gnn_semisupervised,per_network,True,1.8784739971160889,1.0,1.0,31,31
mu0.1_r0,0.1,0,0.5,kmeans_homophily,baseline,none,True,0.07625389099121094,0.6240324152242445,0.6811053619035047,31,31
mu0.1_r0,0.1,0,1.0,GCN_unsup,gnn_unsupervised,global_zeroshot,True,0.006824016571044922,0.0,0.0,1,31
mu0.1_r0,0.1,0,1.0,DMoN,gnn_unsupervised,global_zeroshot,True,0.005488157272338867,0.7815838492866815,0.81264780911292,34,31
mu0.1_r0,0.1,0,1.0,MinCut,gnn_unsupervised,global_zeroshot,True,0.005141019821166992,0.0,0.0,1,31
mu0.1_r0,0.1,0,1.0,GAT_unsup,gnn_unsupervised,global_zeroshot,True,0.007413148880004883,0.0,0.0,1,31
mu0.1_r0,0.1,0,1.0,SAGE_unsup,gnn_unsupervised,global_zeroshot,True,0.0033960342407226562,0.0,0.0,1,31
mu0.1_r0,0.1,0,1.0,GIN_unsup,gnn_unsupervised,global_zeroshot,True,0.003838777542114258,0.6946859603187922,0.7404237429730635,35,31
mu0.1_r0,0.1,0,1.0,GCN_semisup,gnn_semisupervised,per_network,True,1.2070472240447998,1.0,1.0,31,31
mu0.1_r0,0.1,0,1.0,GAT_semisup,gnn_semisupervised,per_network,True,1.9051358699798584,1.0,1.0,31,31
mu0.1_r0,0.1,0,1.0,kmeans_homophily,baseline,none,True,0.036151885986328125,0.9780191327771399,0.9812986643861897,31,31
mu0.1_r1,0.1,1,0.5,GCN_unsup,gnn_unsupervised,global_zeroshot,True,0.0037491321563720703,0.0,0.0,1,30
mu0.1_r1,0.1,1,0.5,DMoN,gnn_unsupervised,global_zeroshot,True,0.0041179656982421875,0.7294557878773608,0.7767403098639997,45,30
mu0.1_r1,0.1,1,0.5,MinCut,gnn_unsupervised,global_zeroshot,True,0.004873991012573242,0.0,0.0,1,30
mu0.1_r1,0.1,1,0.5,GAT_unsup,gnn_unsupervised,global_zeroshot,True,0.007197856903076172,0.0,0.0,1,30
mu0.1_r1,0.1,1,0.5,SAGE_unsup,gnn_unsupervised,global_zeroshot,True,0.002778291702270508,0.0,0.0,1,30
mu0.1_r1,0.1,1,0.5,GIN_unsup,gnn_unsupervised,global_zeroshot,True,0.0036830902099609375,0.6252640240416291,0.6746320761983025,32,30
mu0.1_r1,0.1,1,0.5,GCN_semisup,gnn_semisupervised,per_network,True,1.2168428897857666,0.9928974805660693,0.9938883301642906,29,30
mu0.1_r1,0.1,1,0.5,GAT_semisup,gnn_semisupervised,per_network,True,1.9769339561462402,1.0,1.0,30,30
mu0.1_r1,0.1,1,0.5,kmeans_homophily,baseline,none,True,0.044571876525878906,0.6606933310165067,0.7094162809470589,30,30
mu0.1_r1,0.1,1,1.0,GCN_unsup,gnn_unsupervised,global_zeroshot,True,0.005033016204833984,0.0,0.0,1,30
mu0.1_r1,0.1,1,1.0,DMoN,gnn_unsupervised,global_zeroshot,True,0.0052568912506103516,0.7391125638319896,0.7813644616204762,42,30
mu0.1_r1,0.1,1,1.0,MinCut,gnn_unsupervised,global_zeroshot,True,0.004723787307739258,0.0,0.0,1,30
mu0.1_r1,0.1,1,1.0,GAT_unsup,gnn_unsupervised,global_zeroshot,True,0.008121967315673828,0.0,0.0,1,30
mu0.1_r1,0.1,1,1.0,SAGE_unsup,gnn_unsupervised,global_zeroshot,True,0.0030519962310791016,0.0,0.0,1,30
mu0.1_r1,0.1,1,1.0,GIN_unsup,gnn_unsupervised,global_zeroshot,True,0.003239870071411133,0.7331603568219416,0.7718288418888835,36,30
mu0.1_r1,0.1,1,1.0,GCN_semisup,gnn_semisupervised,per_network,True,1.2302801609039307,1.0,1.0,30,30
mu0.1_r1,0.1,1,1.0,GAT_semisup,gnn_semisupervised,per_network,True,2.0031371116638184,0.9984767039220963,0.9986954400615817,30,30
mu0.1_r1,0.1,1,1.0,kmeans_homophily,baseline,none,True,0.03618884086608887,0.9865249287088528,0.9884571378077947,30,30
mu0.3_r0,0.3,0,0.5,GCN_unsup,gnn_unsupervised,global_zeroshot,True,0.004420042037963867,0.0,0.0,1,30
mu0.3_r0,0.3,0,0.5,DMoN,gnn_unsupervised,global_zeroshot,True,0.00521397590637207,0.62866550195846,0.6945497208511794,49,30
mu0.3_r0,0.3,0,0.5,MinCut,gnn_unsupervised,global_zeroshot,True,0.005151987075805664,0.0,0.0,1,30
mu0.3_r0,0.3,0,0.5,GAT_unsup,gnn_unsupervised,global_zeroshot,True,0.007365703582763672,0.0,0.0,1,30
mu0.3_r0,0.3,0,0.5,SAGE_unsup,gnn_unsupervised,global_zeroshot,True,0.0031380653381347656,0.0,0.0,1,30
mu0.3_r0,0.3,0,0.5,GIN_unsup,gnn_unsupervised,global_zeroshot,True,0.003996849060058594,0.42606074585114234,0.49563547094342186,28,30
mu0.3_r0,0.3,0,0.5,GCN_semisup,gnn_semisupervised,per_network,True,1.2324738502502441,1.0,1.0,30,30
mu0.3_r0,0.3,0,0.5,GAT_semisup,gnn_semisupervised,per_network,True,1.9285392761230469,0.9805874823268574,0.9833086745080808,29,30
mu0.3_r0,0.3,0,0.5,kmeans_homophily,baseline,none,True,0.04349637031555176,0.649145774186097,0.6993957894930325,30,30
mu0.3_r0,0.3,0,1.0,GCN_unsup,gnn_unsupervised,global_zeroshot,True,0.0052258968353271484,0.0,0.0,1,30
mu0.3_r0,0.3,0,1.0,DMoN,gnn_unsupervised,global_zeroshot,True,0.004911899566650391,0.6678169260528104,0.7234533880280751,47,30
mu0.3_r0,0.3,0,1.0,MinCut,gnn_unsupervised,global_zeroshot,True,0.004800081253051758,0.0,0.0,1,30
mu0.3_r0,0.3,0,1.0,GAT_unsup,gnn_unsupervised,global_zeroshot,True,0.00711512565612793,0.0,0.0,1,30
mu0.3_r0,0.3,0,1.0,SAGE_unsup,gnn_unsupervised,global_zeroshot,True,0.0029687881469726562,0.0,0.0,1,30
mu0.3_r0,0.3,0,1.0,GIN_unsup,gnn_unsupervised,global_zeroshot,True,0.004019975662231445,0.5775210633790144,0.6403180088026441,37,30
mu0.3_r0,0.3,0,1.0,GCN_semisup,gnn_semisupervised,per_network,True,1.214797019958496,1.0,1.0,30,30
mu0.3_r0,0.3,0,1.0,GAT_semisup,gnn_semisupervised,per_network,True,1.9384949207305908,1.0,1.0,30,30
mu0.3_r0,0.3,0,1.0,kmeans_homophily,baseline,none,True,0.03174924850463867,0.991906981207105,0.9930525966950556,30,30
mu0.3_r1,0.3,1,0.5,GCN_unsup,gnn_unsupervised,global_zeroshot,True,0.004148006439208984,0.0,0.0,1,32
mu0.3_r1,0.3,1,0.5,DMoN,gnn_unsupervised,global_zeroshot,True,0.0049591064453125,0.6148933150803173,0.6838885463797483,48,32
mu0.3_r1,0.3,1,0.5,MinCut,gnn_unsupervised,global_zeroshot,True,0.004997968673706055,0.0,0.0,1,32
mu0.3_r1,0.3,1,0.5,GAT_unsup,gnn_unsupervised,global_zeroshot,True,0.00643610954284668,0.0,0.0,1,32
mu0.3_r1,0.3,1,0.5,SAGE_unsup,gnn_unsupervised,global_zeroshot,True,0.003145933151245117,0.0,0.0,1,32
mu0.3_r1,0.3,1,0.5,GIN_unsup,gnn_unsupervised,global_zeroshot,True,0.0038688182830810547,0.4064175187841313,0.47030772926305137,25,32
mu0.3_r1,0.3,1,0.5,GCN_semisup,gnn_semisupervised,per_network,True,1.2219130992889404,0.998471822310746,0.9987149907282649,32,32
mu0.3_r1,0.3,1,0.5,GAT_semisup,gnn_semisupervised,per_network,True,1.9354827404022217,0.9985334961226386,0.9987668530713844,32,32
mu0.3_r1,0.3,1,0.5,kmeans_homophily,baseline,none,True,0.04127311706542969,0.5955741767720288,0.6598303290099234,32,32
mu0.3_r1,0.3,1,1.0,GCN_unsup,gnn_unsupervised,global_zeroshot,True,0.005342006683349609,0.0,0.0,1,32
mu0.3_r1,0.3,1,1.0,DMoN,gnn_unsupervised,global_zeroshot,True,0.005769014358520508,0.6602647663617911,0.7190116013602683,44,32
mu0.3_r1,0.3,1,1.0,MinCut,gnn_unsupervised,global_zeroshot,True,0.00505375862121582,0.0,0.0,1,32
mu0.3_r1,0.3,1,1.0,GAT_unsup,gnn_unsupervised,global_zeroshot,True,0.007919073104858398,0.0,0.0,1,32
mu0.3_r1,0.3,1,1.0,SAGE_unsup,gnn_unsupervised,global_zeroshot,True,0.0025501251220703125,0.0,0.0,1,32
mu0.3_r1,0.3,1,1.0,GIN_unsup,gnn_unsupervised,global_zeroshot,True,0.003931760787963867,0.45339249636676165,0.5267017496487966,30,32
mu0.3_r1,0.3,1,1.0,GCN_semisup,gnn_semisupervised,per_network,True,1.228590726852417,1.0,1.0,32,32
mu0.3_r1,0.3,1,1.0,GAT_semisup,gnn_semisupervised,per_network,True,1.9383659362792969,1.0,1.0,32,32
mu0.3_r1,0.3,1,1.0,kmeans_homophily,baseline,none,True,0.03274083137512207,0.9911635314379662,0.9925511017247708,32,32
